{"assets":{"7E6A1DE34F8CC83158790DDD53CC8760":{"type":"texture","index":18,"assetRequest":{"type":"slide","state":"contents","slide":"5CAAD3AE-07A6-4895-9356-C4EA627B1F64"},"url":"assets/7E6A1DE34F8CC83158790DDD53CC8760.svg","width":224,"height":28},"DB8451458D98EFA7506DBEBC2B1323F0":{"type":"texture","index":13,"assetRequest":{"type":"slide","state":"contents","slide":"5CAAD3AE-07A6-4895-9356-C4EA627B1F64"},"url":"assets/DB8451458D98EFA7506DBEBC2B1323F0.svg","width":1024,"height":768},"71800BC6C8703AEBCECE18A7783C9269":{"type":"texture","index":21,"assetRequest":{"type":"slide","state":"object","slide":"5CAAD3AE-07A6-4895-9356-C4EA627B1F64"},"url":"assets/71800BC6C8703AEBCECE18A7783C9269.svg","width":266,"height":266},"9B433C77CE4A385B6565E35B74209E54":{"type":"texture","index":17,"assetRequest":{"type":"slide","state":"contents","slide":"5CAAD3AE-07A6-4895-9356-C4EA627B1F64"},"url":"assets/9B433C77CE4A385B6565E35B74209E54.svg","width":226,"height":45},"BB3AFA1713119A3FCA47ECC17E606B69":{"type":"texture","index":27,"assetRequest":{"type":"slide","state":"contents","slide":"5CAAD3AE-07A6-4895-9356-C4EA627B1F64"},"url":"assets/BB3AFA1713119A3FCA47ECC17E606B69.svg","width":196,"height":38},"97D47BC1A8FEAFE69554D305147333F0":{"type":"texture","index":15,"assetRequest":{"type":"slide","state":"contents","slide":"5CAAD3AE-07A6-4895-9356-C4EA627B1F64"},"url":"assets/97D47BC1A8FEAFE69554D305147333F0.svg","width":507,"height":508},"B38B4651FE7297B522CE5A40401C1F06":{"type":"texture","index":22,"assetRequest":{"type":"slide","state":"text","slide":"5CAAD3AE-07A6-4895-9356-C4EA627B1F64"},"url":"assets/B38B4651FE7297B522CE5A40401C1F06.svg","width":353,"height":53},"9CAAC1294E26DBBA95C7C1D1130D188E":{"type":"texture","index":14,"assetRequest":{"type":"slide","state":"contents","slide":"5CAAD3AE-07A6-4895-9356-C4EA627B1F64"},"url":"assets/9CAAC1294E26DBBA95C7C1D1130D188E.svg","width":762,"height":760},"1E461CF02EAB291CD63C19E6FD8B3E25":{"type":"texture","index":24,"assetRequest":{"type":"slide","state":"text","slide":"5CAAD3AE-07A6-4895-9356-C4EA627B1F64"},"url":"assets/1E461CF02EAB291CD63C19E6FD8B3E25.svg","width":255,"height":32},"0CDC734CC075B257CE9AE93B55D5135E":{"type":"texture","index":16,"assetRequest":{"type":"slide","state":"contents","slide":"5CAAD3AE-07A6-4895-9356-C4EA627B1F64"},"url":"assets/0CDC734CC075B257CE9AE93B55D5135E.svg","width":492,"height":494},"C352E1707DFDF047A5BBF8E7BA8DD551":{"type":"texture","index":26,"assetRequest":{"type":"slide","state":"object","slide":"5CAAD3AE-07A6-4895-9356-C4EA627B1F64"},"url":"assets/C352E1707DFDF047A5BBF8E7BA8DD551.svg","width":121,"height":95},"0F3F93EB9646CA484890224940219B29":{"type":"texture","index":19,"assetRequest":{"type":"slide","state":"contents","slide":"5CAAD3AE-07A6-4895-9356-C4EA627B1F64"},"url":"assets/0F3F93EB9646CA484890224940219B29.svg","width":234,"height":237},"D798361416576EFFC9BE6D7DDC113C45":{"type":"texture","index":20,"assetRequest":{"type":"slide","state":"contents","slide":"5CAAD3AE-07A6-4895-9356-C4EA627B1F64"},"url":"assets/D798361416576EFFC9BE6D7DDC113C45.svg","width":1028,"height":5},"0297C0E0315DC22DB832A86C57FBB91A":{"type":"texture","index":25,"assetRequest":{"type":"slide","state":"text","slide":"5CAAD3AE-07A6-4895-9356-C4EA627B1F64"},"url":"assets/0297C0E0315DC22DB832A86C57FBB91A.svg","width":667,"height":27},"2AE82B20225AFE7B9E4AFE624966A395":{"type":"texture","index":28,"assetRequest":{"type":"slide","state":"contents","slide":"5CAAD3AE-07A6-4895-9356-C4EA627B1F64"},"url":"assets/2AE82B20225AFE7B9E4AFE624966A395.svg","width":191,"height":24},"909DDB3EB1D81413525F2FC68EC35B53":{"type":"texture","index":23,"assetRequest":{"type":"slide","state":"text","slide":"5CAAD3AE-07A6-4895-9356-C4EA627B1F64"},"url":"assets/909DDB3EB1D81413525F2FC68EC35B53.svg","width":276,"height":32}},"events":[{"effects":[{"beginTime":0,"baseLayer":{"animations":[],"initialState":{"affineTransform":[1,0,0,1,0,0],"masksToBounds":false,"rotation":0,"scale":1,"position":{"pointX":495.8958766319483,"pointY":-8.301445007324219},"width":1024.847421141094,"sublayerTransform":[1,0,0,0,0,1,0,0,0,0,1,0,0,0,0,1],"contentsRect":{"y":0,"x":0,"width":1,"height":1},"opacity":1,"edgeAntialiasingMask":15,"height":2.000000000000338,"hidden":false,"anchorPoint":{"pointX":0.5,"pointY":0.5}},"objectID":"CBAA53F5-E439-4E02-BD44-EDD39C0713F8","layers":[{"animations":[],"initialState":{"affineTransform":[1,0,0,1,0,0],"masksToBounds":false,"rotation":0,"scale":1,"position":{"pointX":528.5278339385986,"pointY":393.3014450073244},"width":1024.847421141094,"sublayerTransform":[1,0,0,0,0,1,0,0,0,0,1,-0.0004922987690640373,0,0,0,1],"contentsRect":{"y":0,"x":0,"width":1,"height":1},"opacity":1,"edgeAntialiasingMask":15,"height":2.000000000000338,"hidden":false,"anchorPoint":{"pointX":0.5157136789690322,"pointY":196.650722503629}},"layers":[{"animations":[{"repeatCount":0,"animations":[{"timingFunctions":[{"timingFunction":"custom","timingControlPoint1y":0.312141627073288,"timingControlPoint2x":0.7148821949958801,"timingControlPoint1x":0.299389660358429,"timingControlPoint2y":0.7628659009933472},{"timingFunction":"custom","timingControlPoint1y":0.9692628383636475,"timingControlPoint2x":0.6250768899917603,"timingControlPoint1x":0.4883581101894379,"timingControlPoint2y":1}],"values":[{"pointX":-500.9443321228027,"pointY":0.8014450073243875},{"pointX":527.8878339385986,"pointY":0.8014450073243875},{"pointX":512.5278339385986,"pointY":0.8014450073243875}],"beginTime":0,"repeatCount":0,"keyTimes":[0,0.7375,1],"property":"position","fillMode":"both","duration":1},{"from":{"scalar":false},"beginTime":0,"repeatCount":0,"fillMode":"forwards","property":"hidden","duration":1,"to":{"scalar":false}}],"beginTime":1e-100,"fillMode":"both","duration":1}],"layers":[],"initialState":{"affineTransform":[1,0,0,1,0,0],"masksToBounds":false,"rotation":0,"scale":1,"position":{"pointX":512.5278339385986,"pointY":0.8014450073243875},"width":1028,"sublayerTransform":[1,0,0,0,0,1,0,0,0,0,1,0,0,0,0,1],"contentsRect":{"y":0,"x":0,"width":1,"height":1},"opacity":1,"edgeAntialiasingMask":0,"height":5,"hidden":true,"anchorPoint":{"pointX":0.5,"pointY":0.5}},"texture":"D798361416576EFFC9BE6D7DDC113C45"}]}]},"effects":[],"duration":1,"type":"buildIn","name":"apple:move in character","objectID":"CBAA53F5-E439-4E02-BD44-EDD39C0713F8"}],"automaticPlay":true,"hyperlinks":[],"accessibility":[{"text":"micro locations","targetRectangle":{"y":270.8394470214844,"x":636.5388621826172,"width":223.1460000000001,"height":40}},{"text":"hero_hand_1.png","targetRectangle":{"y":277.17333984375,"x":30.89715576171875,"width":489,"height":491}},{"text":"iBeacons","targetRectangle":{"y":201.9966888427734,"x":633.4643469238281,"width":229.2950000000001,"height":66}},{"text":" ","targetRectangle":{"y":691.9228515625,"x":957.1707804256951,"width":7.227999999999952,"height":31}}],"baseLayer":{"animations":[],"initialState":{"affineTransform":[1,0,0,1,0,0],"masksToBounds":true,"rotation":0,"scale":1,"position":{"pointX":512,"pointY":384},"width":1024,"sublayerTransform":[1,0,0,0,0,1,0,0,0,0,1,0,0,0,0,1],"contentsRect":{"y":0,"x":0,"width":1,"height":1},"opacity":1,"edgeAntialiasingMask":0,"height":768,"hidden":false,"anchorPoint":{"pointX":0.5,"pointY":0.5}},"layers":[{"animations":[],"initialState":{"affineTransform":[1,0,0,1,0,0],"masksToBounds":false,"rotation":0,"scale":1,"position":{"pointX":512,"pointY":384},"width":1024,"sublayerTransform":[1,0,0,0,0,1,0,0,0,0,1,0,0,0,0,1],"contentsRect":{"y":0,"x":0,"width":1,"height":1},"opacity":1,"edgeAntialiasingMask":15,"height":768,"hidden":false,"anchorPoint":{"pointX":0.5,"pointY":0.5}},"layers":[{"animations":[],"initialState":{"affineTransform":[1,0,0,1,0,0],"masksToBounds":false,"rotation":0,"scale":1,"position":{"pointX":512,"pointY":384},"width":1024,"sublayerTransform":[1,0,0,0,0,1,0,0,0,0,1,0,0,0,0,1],"contentsRect":{"y":0,"x":0,"width":1,"height":1},"opacity":1,"edgeAntialiasingMask":15,"height":768,"hidden":false,"anchorPoint":{"pointX":0.5,"pointY":0.5}},"layers":[{"animations":[],"layers":[],"initialState":{"affineTransform":[1,0,0,1,0,0],"masksToBounds":false,"rotation":0,"scale":1,"position":{"pointX":512,"pointY":384},"width":1024,"sublayerTransform":[1,0,0,0,0,1,0,0,0,0,1,0,0,0,0,1],"contentsRect":{"y":0,"x":0,"width":1,"height":1},"opacity":1,"edgeAntialiasingMask":0,"height":768,"hidden":false,"anchorPoint":{"pointX":0.5,"pointY":0.5}},"texture":"DB8451458D98EFA7506DBEBC2B1323F0"}]}]},{"animations":[],"initialState":{"affineTransform":[1,0,0,1,0,0],"masksToBounds":false,"rotation":0,"scale":1,"position":{"pointX":512,"pointY":384},"width":1024,"sublayerTransform":[1,0,0,0,0,1,0,0,0,0,1,0,0,0,0,1],"contentsRect":{"y":0,"x":0,"width":1,"height":1},"opacity":1,"edgeAntialiasingMask":15,"height":768,"hidden":false,"anchorPoint":{"pointX":0.5,"pointY":0.5}},"layers":[{"animations":[],"initialState":{"affineTransform":[1,0,0,1,0,0],"masksToBounds":false,"rotation":0,"scale":1,"position":{"pointX":957.1622295379639,"pointY":707.2782583236694},"width":759.1025352478027,"sublayerTransform":[1,0,0,0,0,1,0,0,0,0,1,0,0,0,0,1],"contentsRect":{"y":0,"x":0,"width":1,"height":1},"opacity":1,"edgeAntialiasingMask":15,"height":757.0659160614014,"hidden":false,"anchorPoint":{"pointX":0.5,"pointY":0.5}},"objectID":"A64AF4D2-9992-42FC-BD8E-B715B3A1EA69","layers":[{"animations":[],"layers":[],"initialState":{"affineTransform":[1,0,0,1,0,0],"masksToBounds":false,"rotation":0,"scale":1,"position":{"pointX":379.3890380859375,"pointY":378.2546997070312},"width":762,"sublayerTransform":[1,0,0,0,0,1,0,0,0,0,1,0,0,0,0,1],"contentsRect":{"y":0,"x":0,"width":1,"height":1},"opacity":1,"edgeAntialiasingMask":0,"height":760,"hidden":false,"anchorPoint":{"pointX":0.5,"pointY":0.5}},"texture":"9CAAC1294E26DBBA95C7C1D1130D188E"}]}]},{"animations":[],"initialState":{"affineTransform":[1,0,0,1,0,0],"masksToBounds":false,"rotation":0,"scale":1,"position":{"pointX":512,"pointY":384},"width":1024,"sublayerTransform":[1,0,0,0,0,1,0,0,0,0,1,0,0,0,0,1],"contentsRect":{"y":0,"x":0,"width":1,"height":1},"opacity":1,"edgeAntialiasingMask":15,"height":768,"hidden":false,"anchorPoint":{"pointX":0.5,"pointY":0.5}},"layers":[{"animations":[],"initialState":{"affineTransform":[1,0,0,1,0,0],"masksToBounds":false,"rotation":0,"scale":1,"position":{"pointX":957.1622543334961,"pointY":707.2782545089722},"width":503.6968231201172,"sublayerTransform":[1,0,0,0,0,1,0,0,0,0,1,0,0,0,0,1],"contentsRect":{"y":0,"x":0,"width":1,"height":1},"opacity":1,"edgeAntialiasingMask":15,"height":504.5617580413818,"hidden":false,"anchorPoint":{"pointX":0.5,"pointY":0.5}},"objectID":"82AB33DB-9724-4A96-A0F9-5F7828A4646B","layers":[{"animations":[],"layers":[],"initialState":{"affineTransform":[1,0,0,1,0,0],"masksToBounds":false,"rotation":0,"scale":1,"position":{"pointX":252.1861572265625,"pointY":252.0026245117188},"width":507,"sublayerTransform":[1,0,0,0,0,1,0,0,0,0,1,0,0,0,0,1],"contentsRect":{"y":0,"x":0,"width":1,"height":1},"opacity":1,"edgeAntialiasingMask":0,"height":508,"hidden":false,"anchorPoint":{"pointX":0.5,"pointY":0.5}},"texture":"97D47BC1A8FEAFE69554D305147333F0"}]}]},{"animations":[],"initialState":{"affineTransform":[1,0,0,1,0,0],"masksToBounds":false,"rotation":0,"scale":1,"position":{"pointX":512,"pointY":384},"width":1024,"sublayerTransform":[1,0,0,0,0,1,0,0,0,0,1,0,0,0,0,1],"contentsRect":{"y":0,"x":0,"width":1,"height":1},"opacity":1,"edgeAntialiasingMask":15,"height":768,"hidden":false,"anchorPoint":{"pointX":0.5,"pointY":0.5}},"layers":[{"animations":[],"initialState":{"affineTransform":[1,0,0,1,0,0],"masksToBounds":false,"rotation":0,"scale":1,"position":{"pointX":275.3971557617188,"pointY":522.67333984375},"width":489,"sublayerTransform":[1,0,0,0,0,1,0,0,0,0,1,0,0,0,0,1],"contentsRect":{"y":0,"x":0,"width":1,"height":1},"opacity":1,"edgeAntialiasingMask":15,"height":491,"hidden":false,"anchorPoint":{"pointX":0.5,"pointY":0.5}},"objectID":"CD7ED4A8-555A-41AC-9583-425182276A68","layers":[{"animations":[],"layers":[],"initialState":{"affineTransform":[1,0,0,1,0,0],"masksToBounds":false,"rotation":0,"scale":1,"position":{"pointX":244.1028442382812,"pointY":245.82666015625},"width":492,"sublayerTransform":[1,0,0,0,0,1,0,0,0,0,1,0,0,0,0,1],"contentsRect":{"y":0,"x":0,"width":1,"height":1},"opacity":1,"edgeAntialiasingMask":0,"height":494,"hidden":false,"anchorPoint":{"pointX":0.5,"pointY":0.5}},"texture":"0CDC734CC075B257CE9AE93B55D5135E"}]}]},{"animations":[],"initialState":{"affineTransform":[1,0,0,1,0,0],"masksToBounds":false,"rotation":0,"scale":1,"position":{"pointX":512,"pointY":384},"width":1024,"sublayerTransform":[1,0,0,0,0,1,0,0,0,0,1,0,0,0,0,1],"contentsRect":{"y":0,"x":0,"width":1,"height":1},"opacity":1,"edgeAntialiasingMask":15,"height":768,"hidden":false,"anchorPoint":{"pointX":0.5,"pointY":0.5}},"layers":[{"animations":[],"initialState":{"affineTransform":[1,0,0,1,0,0],"masksToBounds":false,"rotation":0,"scale":1,"position":{"pointX":748.1118416786194,"pointY":229.9168602228165},"width":525.5932512283325,"sublayerTransform":[1,0,0,0,0,1,0,0,0,0,1,0,0,0,0,1],"contentsRect":{"y":0,"x":0,"width":1,"height":1},"opacity":1,"edgeAntialiasingMask":15,"height":83.84034276008606,"hidden":false,"anchorPoint":{"pointX":0.5,"pointY":0.5}},"objectID":"DEACBC89-569A-41E2-BAC5-F598B9680850","layers":[{"animations":[],"layers":[],"initialState":{"affineTransform":[1,0,0,1,0,0],"masksToBounds":false,"rotation":0,"scale":1,"position":{"pointX":263.6847839355469,"pointY":47.50331115722656},"width":226,"sublayerTransform":[1,0,0,0,0,1,0,0,0,0,1,0,0,0,0,1],"contentsRect":{"y":0,"x":0,"width":1,"height":1},"opacity":1,"edgeAntialiasingMask":0,"height":45,"hidden":false,"anchorPoint":{"pointX":0.5,"pointY":0.5}},"texture":"9B433C77CE4A385B6565E35B74209E54"}]}]},{"animations":[],"initialState":{"affineTransform":[1,0,0,1,0,0],"masksToBounds":false,"rotation":0,"scale":1,"position":{"pointX":512,"pointY":384},"width":1024,"sublayerTransform":[1,0,0,0,0,1,0,0,0,0,1,0,0,0,0,1],"contentsRect":{"y":0,"x":0,"width":1,"height":1},"opacity":1,"edgeAntialiasingMask":15,"height":768,"hidden":false,"anchorPoint":{"pointX":0.5,"pointY":0.5}},"layers":[{"animations":[],"initialState":{"affineTransform":[1,0,0,1,0,0],"masksToBounds":false,"rotation":0,"scale":1,"position":{"pointX":748.1118705272675,"pointY":291.470857322216},"width":472.2150740623474,"sublayerTransform":[1,0,0,0,0,1,0,0,0,0,1,0,0,0,0,1],"contentsRect":{"y":0,"x":0,"width":1,"height":1},"opacity":1,"edgeAntialiasingMask":15,"height":49.26282060146332,"hidden":false,"anchorPoint":{"pointX":0.5,"pointY":0.5}},"objectID":"DFACBC89-569A-41E2-BAC5-F598B9680850","layers":[{"animations":[],"layers":[],"initialState":{"affineTransform":[1,0,0,1,0,0],"masksToBounds":false,"rotation":0,"scale":1,"position":{"pointX":236.9956665039062,"pointY":24.16055297851562},"width":224,"sublayerTransform":[1,0,0,0,0,1,0,0,0,0,1,0,0,0,0,1],"contentsRect":{"y":0,"x":0,"width":1,"height":1},"opacity":1,"edgeAntialiasingMask":0,"height":28,"hidden":false,"anchorPoint":{"pointX":0.5,"pointY":0.5}},"texture":"7E6A1DE34F8CC83158790DDD53CC8760"}]}]},{"animations":[],"initialState":{"affineTransform":[1,0,0,1,0,0],"masksToBounds":false,"rotation":0,"scale":1,"position":{"pointX":512,"pointY":384},"width":1024,"sublayerTransform":[1,0,0,0,0,1,0,0,0,0,1,0,0,0,0,1],"contentsRect":{"y":0,"x":0,"width":1,"height":1},"opacity":1,"edgeAntialiasingMask":15,"height":768,"hidden":false,"anchorPoint":{"pointX":0.5,"pointY":0.5}},"layers":[{"animations":[],"initialState":{"affineTransform":[1,0,0,1,0,0],"masksToBounds":false,"rotation":0,"scale":1,"position":{"pointX":957.1622643470764,"pointY":707.2782669067383},"width":231.4517259597778,"sublayerTransform":[1,0,0,0,0,1,0,0,0,0,1,0,0,0,0,1],"contentsRect":{"y":0,"x":0,"width":1,"height":1},"opacity":1,"edgeAntialiasingMask":15,"height":234.0702056884766,"hidden":false,"anchorPoint":{"pointX":0.5,"pointY":0.5}},"objectID":"AB993E93-EC5F-496B-B987-623D6B95BB7F","layers":[{"animations":[],"layers":[],"initialState":{"affineTransform":[1,0,0,1,0,0],"masksToBounds":false,"rotation":0,"scale":1,"position":{"pointX":115.5635986328125,"pointY":117.2568359375},"width":234,"sublayerTransform":[1,0,0,0,0,1,0,0,0,0,1,0,0,0,0,1],"contentsRect":{"y":0,"x":0,"width":1,"height":1},"opacity":1,"edgeAntialiasingMask":0,"height":237,"hidden":false,"anchorPoint":{"pointX":0.5,"pointY":0.5}},"texture":"0F3F93EB9646CA484890224940219B29"}]}]},{"animations":[],"initialState":{"affineTransform":[1,0,0,1,0,0],"masksToBounds":false,"rotation":0,"scale":1,"position":{"pointX":512,"pointY":384},"width":1024,"sublayerTransform":[1,0,0,0,0,1,0,0,0,0,1,0,0,0,0,1],"contentsRect":{"y":0,"x":0,"width":1,"height":1},"opacity":1,"edgeAntialiasingMask":15,"height":768,"hidden":false,"anchorPoint":{"pointX":0.5,"pointY":0.5}},"layers":[{"animations":[],"initialState":{"affineTransform":[1,0,0,1,0,0],"masksToBounds":false,"rotation":0,"scale":1,"position":{"pointX":495.8958766319483,"pointY":-8.301445007324219},"width":1024.847421141094,"sublayerTransform":[1,0,0,0,0,1,0,0,0,0,1,0,0,0,0,1],"contentsRect":{"y":0,"x":0,"width":1,"height":1},"opacity":1,"edgeAntialiasingMask":15,"height":2.000000000000338,"hidden":false,"anchorPoint":{"pointX":0.5,"pointY":0.5}},"objectID":"CBAA53F5-E439-4E02-BD44-EDD39C0713F8","layers":[{"animations":[],"layers":[],"initialState":{"affineTransform":[1,0,0,1,0,0],"masksToBounds":false,"rotation":0,"scale":1,"position":{"pointX":512.5278339385986,"pointY":0.8014450073243875},"width":1028,"sublayerTransform":[1,0,0,0,0,1,0,0,0,0,1,0,0,0,0,1],"contentsRect":{"y":0,"x":0,"width":1,"height":1},"opacity":1,"edgeAntialiasingMask":0,"height":5,"hidden":true,"anchorPoint":{"pointX":0.5,"pointY":0.5}},"texture":"D798361416576EFFC9BE6D7DDC113C45"}]}]}]}},{"effects":[{"beginTime":0,"baseLayer":{"animations":[],"initialState":{"affineTransform":[1,0,0,1,0,0],"masksToBounds":true,"rotation":0,"scale":1,"position":{"pointX":512,"pointY":384},"width":1024,"sublayerTransform":[1,0,0,0,0,1,0,0,0,0,1,0,0,0,0,1],"contentsRect":{"y":0,"x":0,"width":1,"height":1},"opacity":1,"edgeAntialiasingMask":0,"height":768,"hidden":false,"anchorPoint":{"pointX":0.5,"pointY":0.5}},"objectID":"0","layers":[{"animations":[],"initialState":{"affineTransform":[1,0,0,1,0,0],"masksToBounds":false,"rotation":0,"scale":1,"position":{"pointX":512,"pointY":384},"width":1024,"sublayerTransform":[1,0,0,0,0,1,0,0,0,0,1,0,0,0,0,1],"contentsRect":{"y":0,"x":0,"width":1,"height":1},"opacity":1,"edgeAntialiasingMask":15,"height":768,"hidden":false,"anchorPoint":{"pointX":0.5,"pointY":0.5}},"layers":[{"animations":[{"repeatCount":0,"animations":[{"from":{"scalar":0},"beginTime":0,"repeatCount":0,"fillMode":"both","property":"zPosition","duration":2,"timingFunction":"easeInEaseOut","to":{"scalar":0}}],"beginTime":0,"fillMode":"both","duration":2}],"initialState":{"affineTransform":[1,0,0,1,0,0],"masksToBounds":false,"rotation":0,"scale":1,"position":{"pointX":512,"pointY":384},"width":1024,"sublayerTransform":[1,0,0,0,0,1,0,0,0,0,1,0,0,0,0,1],"contentsRect":{"y":0,"x":0,"width":1,"height":1},"opacity":1,"edgeAntialiasingMask":15,"height":768,"hidden":false,"anchorPoint":{"pointX":0.5,"pointY":0.5}},"layers":[{"animations":[],"layers":[],"initialState":{"affineTransform":[1,0,0,1,0,0],"masksToBounds":false,"rotation":0,"scale":1,"position":{"pointX":512,"pointY":384},"width":1024,"sublayerTransform":[1,0,0,0,0,1,0,0,0,0,1,0,0,0,0,1],"contentsRect":{"y":0,"x":0,"width":1,"height":1},"opacity":1,"edgeAntialiasingMask":0,"height":768,"hidden":false,"anchorPoint":{"pointX":0.5,"pointY":0.5}},"texture":"DB8451458D98EFA7506DBEBC2B1323F0"}]}]},{"animations":[{"repeatCount":0,"animations":[{"from":{"scalar":1},"beginTime":0,"repeatCount":0,"fillMode":"both","property":"zPosition","duration":2,"timingFunction":"easeInEaseOut","to":{"scalar":1}}],"beginTime":0,"fillMode":"both","duration":2}],"initialState":{"affineTransform":[1,0,0,1,0,0],"masksToBounds":false,"rotation":0,"scale":1,"position":{"pointX":957.1622295379639,"pointY":707.2782583236694},"width":759.1025352478027,"sublayerTransform":[1,0,0,0,0,1,0,0,0,0,1,0,0,0,0,1],"contentsRect":{"y":0,"x":0,"width":1,"height":1},"opacity":1,"edgeAntialiasingMask":15,"height":757.0659160614014,"hidden":false,"anchorPoint":{"pointX":0.5,"pointY":0.5}},"layers":[{"animations":[{"repeatCount":0,"animations":[{"from":{"scalar":1},"beginTime":0,"repeatCount":0,"fillMode":"forwards","property":"opacity","duration":0.6666,"timingFunction":"easeInEaseOut","to":{"scalar":0}},{"from":{"scalar":true},"beginTime":0.6666,"repeatCount":0,"fillMode":"forwards","property":"hidden","duration":1.3334,"to":{"scalar":true}}],"beginTime":0,"fillMode":"both","duration":2}],"layers":[],"initialState":{"affineTransform":[1,0,0,1,0,0],"masksToBounds":false,"rotation":0,"scale":1,"position":{"pointX":379.55126953125,"pointY":378.532958984375},"width":762,"sublayerTransform":[1,0,0,0,0,1,0,0,0,0,1,0,0,0,0,1],"contentsRect":{"y":0,"x":0,"width":1,"height":1},"opacity":1,"edgeAntialiasingMask":0,"height":760,"hidden":false,"anchorPoint":{"pointX":0.5002129021592028,"pointY":0.5003661306280839}},"texture":"9CAAC1294E26DBBA95C7C1D1130D188E"}]},{"animations":[{"repeatCount":0,"animations":[{"from":{"scalar":2},"beginTime":0,"repeatCount":0,"fillMode":"both","property":"zPosition","duration":2,"timingFunction":"easeInEaseOut","to":{"scalar":2}}],"beginTime":0,"fillMode":"both","duration":2}],"initialState":{"affineTransform":[1,0,0,1,0,0],"masksToBounds":false,"rotation":0,"scale":1,"position":{"pointX":957.1622543334961,"pointY":707.2782545089722},"width":503.6968231201172,"sublayerTransform":[1,0,0,0,0,1,0,0,0,0,1,0,0,0,0,1],"contentsRect":{"y":0,"x":0,"width":1,"height":1},"opacity":1,"edgeAntialiasingMask":15,"height":504.5617580413818,"hidden":false,"anchorPoint":{"pointX":0.5,"pointY":0.5}},"layers":[{"animations":[{"repeatCount":0,"animations":[{"from":{"scalar":1},"beginTime":0,"repeatCount":0,"fillMode":"forwards","property":"opacity","duration":0.6666,"timingFunction":"easeInEaseOut","to":{"scalar":0}},{"from":{"scalar":true},"beginTime":0.6666,"repeatCount":0,"fillMode":"forwards","property":"hidden","duration":1.3334,"to":{"scalar":true}}],"beginTime":0,"fillMode":"both","duration":2}],"layers":[],"initialState":{"affineTransform":[1,0,0,1,0,0],"masksToBounds":false,"rotation":0,"scale":1,"position":{"pointX":251.8484191894531,"pointY":252.2808837890625},"width":507,"sublayerTransform":[1,0,0,0,0,1,0,0,0,0,1,0,0,0,0,1],"contentsRect":{"y":0,"x":0,"width":1,"height":1},"opacity":1,"edgeAntialiasingMask":0,"height":508,"hidden":false,"anchorPoint":{"pointX":0.4993338500254253,"pointY":0.5005477544829602}},"texture":"97D47BC1A8FEAFE69554D305147333F0"}]},{"animations":[{"repeatCount":0,"animations":[{"from":{"scalar":3},"beginTime":0,"repeatCount":0,"fillMode":"both","property":"zPosition","duration":2,"timingFunction":"easeInEaseOut","to":{"scalar":3}}],"beginTime":0,"fillMode":"both","duration":2}],"initialState":{"affineTransform":[1,0,0,1,0,0],"masksToBounds":false,"rotation":0,"scale":1,"position":{"pointX":275.3971557617188,"pointY":522.67333984375},"width":489,"sublayerTransform":[1,0,0,0,0,1,0,0,0,0,1,0,0,0,0,1],"contentsRect":{"y":0,"x":0,"width":1,"height":1},"opacity":1,"edgeAntialiasingMask":15,"height":491,"hidden":false,"anchorPoint":{"pointX":0.5,"pointY":0.5}},"layers":[{"animations":[{"repeatCount":0,"animations":[{"from":{"scalar":1},"beginTime":0,"repeatCount":0,"fillMode":"forwards","property":"opacity","duration":0.6666,"timingFunction":"easeInEaseOut","to":{"scalar":0}},{"from":{"scalar":true},"beginTime":0.6666,"repeatCount":0,"fillMode":"forwards","property":"hidden","duration":1.3334,"to":{"scalar":true}}],"beginTime":0,"fillMode":"both","duration":2}],"layers":[],"initialState":{"affineTransform":[1,0,0,1,0,0],"masksToBounds":false,"rotation":0,"scale":1,"position":{"pointX":244.5,"pointY":245.5},"width":492,"sublayerTransform":[1,0,0,0,0,1,0,0,0,0,1,0,0,0,0,1],"contentsRect":{"y":0,"x":0,"width":1,"height":1},"opacity":1,"edgeAntialiasingMask":0,"height":494,"hidden":false,"anchorPoint":{"pointX":0.5008072271579649,"pointY":0.4993387446229757}},"texture":"0CDC734CC075B257CE9AE93B55D5135E"}]},{"animations":[{"repeatCount":0,"animations":[{"from":{"scalar":4},"beginTime":0,"repeatCount":0,"fillMode":"both","property":"zPosition","duration":2,"timingFunction":"easeInEaseOut","to":{"scalar":4}}],"beginTime":0,"fillMode":"both","duration":2}],"initialState":{"affineTransform":[1,0,0,1,0,0],"masksToBounds":false,"rotation":0,"scale":1,"position":{"pointX":169.6250305175781,"pointY":384},"width":263.2500610351562,"sublayerTransform":[1,0,0,0,0,1,0,0,0,0,1,0,0,0,0,1],"contentsRect":{"y":0,"x":0,"width":1,"height":1},"opacity":1,"edgeAntialiasingMask":15,"height":262.6321105957031,"hidden":false,"anchorPoint":{"pointX":0.5,"pointY":0.5}},"layers":[{"animations":[{"repeatCount":0,"animations":[{"from":{"scalar":0},"beginTime":1.3334,"repeatCount":0,"fillMode":"both","property":"opacity","duration":0.6666,"timingFunction":"easeInEaseOut","to":{"scalar":1}},{"from":{"scalar":false},"beginTime":1.3334,"repeatCount":0,"fillMode":"forwards","property":"hidden","duration":0.6665999999999999,"to":{"scalar":false}}],"beginTime":0,"fillMode":"both","duration":2}],"layers":[],"initialState":{"affineTransform":[1,0,0,1,0,0],"masksToBounds":false,"rotation":0,"scale":1,"position":{"pointX":131.6250305175781,"pointY":131.3160552978516},"width":266,"sublayerTransform":[1,0,0,0,0,1,0,0,0,0,1,0,0,0,0,1],"contentsRect":{"y":0,"x":0,"width":1,"height":1},"opacity":1,"edgeAntialiasingMask":0,"height":266,"hidden":true,"anchorPoint":{"pointX":0.4985903402916471,"pointY":0.5}},"texture":"71800BC6C8703AEBCECE18A7783C9269"}]},{"animations":[{"repeatCount":0,"animations":[{"from":{"scalar":5},"beginTime":0,"repeatCount":0,"fillMode":"both","property":"zPosition","duration":2,"timingFunction":"easeInEaseOut","to":{"scalar":5}}],"beginTime":0,"fillMode":"both","duration":2}],"initialState":{"affineTransform":[1,0,0,1,0,0],"masksToBounds":false,"rotation":0,"scale":1,"position":{"pointX":659.966166138649,"pointY":384},"width":690.0677082538605,"sublayerTransform":[1,0,0,0,0,1,0,0,0,0,1,0,0,0,0,1],"contentsRect":{"y":0,"x":0,"width":1,"height":1},"opacity":1,"edgeAntialiasingMask":15,"height":270.0185517072678,"hidden":false,"anchorPoint":{"pointX":0.5,"pointY":0.5}},"layers":[{"animations":[{"repeatCount":0,"animations":[{"from":{"scalar":0},"beginTime":1.3334,"repeatCount":0,"fillMode":"both","property":"opacity","duration":0.6666,"timingFunction":"easeInEaseOut","to":{"scalar":1}},{"from":{"scalar":false},"beginTime":1.3334,"repeatCount":0,"fillMode":"forwards","property":"hidden","duration":0.6665999999999999,"to":{"scalar":false}}],"beginTime":0,"fillMode":"both","duration":2}],"layers":[],"initialState":{"affineTransform":[1,0,0,1,0,0],"masksToBounds":false,"rotation":0,"scale":1,"position":{"pointX":182.5676879882812,"pointY":37.50927585363388},"width":353,"sublayerTransform":[1,0,0,0,0,1,0,0,0,0,1,0,0,0,0,1],"contentsRect":{"y":0,"x":0,"width":1,"height":1},"opacity":1,"edgeAntialiasingMask":0,"height":53,"hidden":true,"anchorPoint":{"pointX":0.5,"pointY":0.5}},"texture":"B38B4651FE7297B522CE5A40401C1F06"}]},{"animations":[{"repeatCount":0,"animations":[{"from":{"scalar":6},"beginTime":0,"repeatCount":0,"fillMode":"both","property":"zPosition","duration":2,"timingFunction":"easeInEaseOut","to":{"scalar":6}}],"beginTime":0,"fillMode":"both","duration":2}],"initialState":{"affineTransform":[1,0,0,1,0,0],"masksToBounds":false,"rotation":0,"scale":1,"position":{"pointX":659.966166138649,"pointY":384},"width":690.0677082538605,"sublayerTransform":[1,0,0,0,0,1,0,0,0,0,1,0,0,0,0,1],"contentsRect":{"y":0,"x":0,"width":1,"height":1},"opacity":1,"edgeAntialiasingMask":15,"height":270.0185517072678,"hidden":false,"anchorPoint":{"pointX":0.5,"pointY":0.5}},"layers":[{"animations":[{"repeatCount":0,"animations":[{"from":{"scalar":0},"beginTime":1.3334,"repeatCount":0,"fillMode":"both","property":"opacity","duration":0.6666,"timingFunction":"easeInEaseOut","to":{"scalar":1}},{"from":{"scalar":false},"beginTime":1.3334,"repeatCount":0,"fillMode":"forwards","property":"hidden","duration":0.6665999999999999,"to":{"scalar":false}}],"beginTime":0,"fillMode":"both","duration":2}],"layers":[],"initialState":{"affineTransform":[1,0,0,1,0,0],"masksToBounds":false,"rotation":0,"scale":1,"position":{"pointX":141.0676879882812,"pointY":115.0092758536339},"width":276,"sublayerTransform":[1,0,0,0,0,1,0,0,0,0,1,0,0,0,0,1],"contentsRect":{"y":0,"x":0,"width":1,"height":1},"opacity":1,"edgeAntialiasingMask":0,"height":32,"hidden":true,"anchorPoint":{"pointX":0.5,"pointY":0.5}},"texture":"909DDB3EB1D81413525F2FC68EC35B53"}]},{"animations":[{"repeatCount":0,"animations":[{"from":{"scalar":7},"beginTime":0,"repeatCount":0,"fillMode":"both","property":"zPosition","duration":2,"timingFunction":"easeInEaseOut","to":{"scalar":7}}],"beginTime":0,"fillMode":"both","duration":2}],"initialState":{"affineTransform":[1,0,0,1,0,0],"masksToBounds":false,"rotation":0,"scale":1,"position":{"pointX":659.966166138649,"pointY":384},"width":690.0677082538605,"sublayerTransform":[1,0,0,0,0,1,0,0,0,0,1,0,0,0,0,1],"contentsRect":{"y":0,"x":0,"width":1,"height":1},"opacity":1,"edgeAntialiasingMask":15,"height":270.0185517072678,"hidden":false,"anchorPoint":{"pointX":0.5,"pointY":0.5}},"layers":[{"animations":[{"repeatCount":0,"animations":[{"from":{"scalar":0},"beginTime":1.3334,"repeatCount":0,"fillMode":"both","property":"opacity","duration":0.6666,"timingFunction":"easeInEaseOut","to":{"scalar":1}},{"from":{"scalar":false},"beginTime":1.3334,"repeatCount":0,"fillMode":"forwards","property":"hidden","duration":0.6665999999999999,"to":{"scalar":false}}],"beginTime":0,"fillMode":"both","duration":2}],"layers":[],"initialState":{"affineTransform":[1,0,0,1,0,0],"masksToBounds":false,"rotation":0,"scale":1,"position":{"pointX":130.5676879882812,"pointY":251.0092758536339},"width":255,"sublayerTransform":[1,0,0,0,0,1,0,0,0,0,1,0,0,0,0,1],"contentsRect":{"y":0,"x":0,"width":1,"height":1},"opacity":1,"edgeAntialiasingMask":0,"height":32,"hidden":true,"anchorPoint":{"pointX":0.5,"pointY":0.5}},"texture":"1E461CF02EAB291CD63C19E6FD8B3E25"}]},{"animations":[{"repeatCount":0,"animations":[{"from":{"scalar":8},"beginTime":0,"repeatCount":0,"fillMode":"both","property":"zPosition","duration":2,"timingFunction":"easeInEaseOut","to":{"scalar":8}}],"beginTime":0,"fillMode":"both","duration":2}],"initialState":{"affineTransform":[1,0,0,1,0,0],"masksToBounds":false,"rotation":0,"scale":1,"position":{"pointX":659.966166138649,"pointY":384},"width":690.0677082538605,"sublayerTransform":[1,0,0,0,0,1,0,0,0,0,1,0,0,0,0,1],"contentsRect":{"y":0,"x":0,"width":1,"height":1},"opacity":1,"edgeAntialiasingMask":15,"height":270.0185517072678,"hidden":false,"anchorPoint":{"pointX":0.5,"pointY":0.5}},"layers":[{"animations":[{"repeatCount":0,"animations":[{"from":{"scalar":0},"beginTime":1.3334,"repeatCount":0,"fillMode":"both","property":"opacity","duration":0.6666,"timingFunction":"easeInEaseOut","to":{"scalar":1}},{"from":{"scalar":false},"beginTime":1.3334,"repeatCount":0,"fillMode":"forwards","property":"hidden","duration":0.6665999999999999,"to":{"scalar":false}}],"beginTime":0,"fillMode":"both","duration":2}],"layers":[],"initialState":{"affineTransform":[1,0,0,1,0,0],"masksToBounds":false,"rotation":0,"scale":1,"position":{"pointX":336.5676879882812,"pointY":180.5092758536339},"width":667,"sublayerTransform":[1,0,0,0,0,1,0,0,0,0,1,0,0,0,0,1],"contentsRect":{"y":0,"x":0,"width":1,"height":1},"opacity":1,"edgeAntialiasingMask":0,"height":27,"hidden":true,"anchorPoint":{"pointX":0.5,"pointY":0.5}},"texture":"0297C0E0315DC22DB832A86C57FBB91A"}]},{"animations":[{"repeatCount":0,"animations":[{"from":{"scalar":9},"beginTime":0,"repeatCount":0,"fillMode":"both","property":"zPosition","duration":2,"timingFunction":"easeInEaseOut","to":{"scalar":9}}],"beginTime":0,"fillMode":"both","duration":2}],"initialState":{"affineTransform":[1,0,0,1,0,0],"masksToBounds":false,"rotation":0,"scale":1,"position":{"pointX":748.1118416786194,"pointY":229.9168602228165},"width":525.5932512283325,"sublayerTransform":[1,0,0,0,0,1,0,0,0,0,1,0,0,0,0,1],"contentsRect":{"y":0,"x":0,"width":1,"height":1},"opacity":1,"edgeAntialiasingMask":15,"height":83.84034276008606,"hidden":false,"anchorPoint":{"pointX":0.5,"pointY":0.5}},"layers":[{"animations":[{"repeatCount":0,"animations":[{"from":{"texture":"9B433C77CE4A385B6565E35B74209E54"},"beginTime":0,"repeatCount":0,"fillMode":"both","property":"contents","duration":2,"timingFunction":"easeInEaseOut","to":{"texture":"BB3AFA1713119A3FCA47ECC17E606B69"}},{"from":{"scalar":1},"beginTime":0,"repeatCount":0,"fillMode":"both","property":"transform.scale.x","duration":2,"timingFunction":"easeInEaseOut","to":{"scalar":0.8672566371681416}},{"from":{"scalar":1},"beginTime":0,"repeatCount":0,"fillMode":"both","property":"transform.scale.y","duration":2,"timingFunction":"easeInEaseOut","to":{"scalar":0.8444444444444444}},{"from":{"pointX":0,"pointY":0},"beginTime":0,"repeatCount":0,"fillMode":"both","property":"transform.translation","duration":2,"timingFunction":"easeInEaseOut","to":{"pointX":172,"pointY":-203.5}}],"beginTime":0,"fillMode":"both","duration":2}],"layers":[],"initialState":{"affineTransform":[1,0,0,1,0,0],"masksToBounds":false,"rotation":0,"scale":1,"position":{"pointX":263.6847839355469,"pointY":47.50331115722656},"width":226,"sublayerTransform":[1,0,0,0,0,1,0,0,0,0,1,0,0,0,0,1],"contentsRect":{"y":0,"x":0,"width":1,"height":1},"opacity":1,"edgeAntialiasingMask":0,"height":45,"hidden":false,"anchorPoint":{"pointX":0.5,"pointY":0.5}},"texture":"9B433C77CE4A385B6565E35B74209E54"}]},{"animations":[{"repeatCount":0,"animations":[{"from":{"scalar":10},"beginTime":0,"repeatCount":0,"fillMode":"both","property":"zPosition","duration":2,"timingFunction":"easeInEaseOut","to":{"scalar":10}}],"beginTime":0,"fillMode":"both","duration":2}],"initialState":{"affineTransform":[1,0,0,1,0,0],"masksToBounds":false,"rotation":0,"scale":1,"position":{"pointX":748.1118705272675,"pointY":291.470857322216},"width":472.2150740623474,"sublayerTransform":[1,0,0,0,0,1,0,0,0,0,1,0,0,0,0,1],"contentsRect":{"y":0,"x":0,"width":1,"height":1},"opacity":1,"edgeAntialiasingMask":15,"height":49.26282060146332,"hidden":false,"anchorPoint":{"pointX":0.5,"pointY":0.5}},"layers":[{"animations":[{"repeatCount":0,"animations":[{"from":{"texture":"7E6A1DE34F8CC83158790DDD53CC8760"},"beginTime":0,"repeatCount":0,"fillMode":"both","property":"contents","duration":2,"timingFunction":"easeInEaseOut","to":{"texture":"2AE82B20225AFE7B9E4AFE624966A395"}},{"from":{"scalar":1},"beginTime":0,"repeatCount":0,"fillMode":"both","property":"transform.scale.x","duration":2,"timingFunction":"easeInEaseOut","to":{"scalar":0.8526785714285714}},{"from":{"scalar":1},"beginTime":0,"repeatCount":0,"fillMode":"both","property":"transform.scale.y","duration":2,"timingFunction":"easeInEaseOut","to":{"scalar":0.8571428571428571}},{"from":{"pointX":0,"pointY":0},"beginTime":0,"repeatCount":0,"fillMode":"both","property":"transform.translation","duration":2,"timingFunction":"easeInEaseOut","to":{"pointX":171.5,"pointY":452}}],"beginTime":0,"fillMode":"both","duration":2}],"layers":[],"initialState":{"affineTransform":[1,0,0,1,0,0],"masksToBounds":false,"rotation":0,"scale":1,"position":{"pointX":236.9956665039062,"pointY":24.16055297851562},"width":224,"sublayerTransform":[1,0,0,0,0,1,0,0,0,0,1,0,0,0,0,1],"contentsRect":{"y":0,"x":0,"width":1,"height":1},"opacity":1,"edgeAntialiasingMask":0,"height":28,"hidden":false,"anchorPoint":{"pointX":0.5,"pointY":0.5}},"texture":"7E6A1DE34F8CC83158790DDD53CC8760"}]},{"animations":[{"repeatCount":0,"animations":[{"from":{"scalar":11},"beginTime":0,"repeatCount":0,"fillMode":"both","property":"zPosition","duration":2,"timingFunction":"easeInEaseOut","to":{"scalar":11}}],"beginTime":0,"fillMode":"both","duration":2}],"initialState":{"affineTransform":[1,0,0,1,0,0],"masksToBounds":false,"rotation":0,"scale":1,"position":{"pointX":957.1622643470764,"pointY":707.2782669067383},"width":231.4517259597778,"sublayerTransform":[1,0,0,0,0,1,0,0,0,0,1,0,0,0,0,1],"contentsRect":{"y":0,"x":0,"width":1,"height":1},"opacity":1,"edgeAntialiasingMask":15,"height":234.0702056884766,"hidden":false,"anchorPoint":{"pointX":0.5,"pointY":0.5}},"layers":[{"animations":[{"repeatCount":0,"animations":[{"from":{"scalar":1},"beginTime":0,"repeatCount":0,"fillMode":"forwards","property":"opacity","duration":0.6666,"timingFunction":"easeInEaseOut","to":{"scalar":0}},{"from":{"scalar":true},"beginTime":0.6666,"repeatCount":0,"fillMode":"forwards","property":"hidden","duration":1.3334,"to":{"scalar":true}}],"beginTime":0,"fillMode":"both","duration":2}],"layers":[],"initialState":{"affineTransform":[1,0,0,1,0,0],"masksToBounds":false,"rotation":0,"scale":1,"position":{"pointX":115.7258605957031,"pointY":117.0351028442383},"width":234,"sublayerTransform":[1,0,0,0,0,1,0,0,0,0,1,0,0,0,0,1],"contentsRect":{"y":0,"x":0,"width":1,"height":1},"opacity":1,"edgeAntialiasingMask":0,"height":237,"hidden":false,"anchorPoint":{"pointX":0.5006934271918403,"pointY":0.4990644173280096}},"texture":"0F3F93EB9646CA484890224940219B29"}]},{"animations":[{"repeatCount":0,"animations":[{"from":{"scalar":12},"beginTime":0,"repeatCount":0,"fillMode":"both","property":"zPosition","duration":2,"timingFunction":"easeInEaseOut","to":{"scalar":12}}],"beginTime":0,"fillMode":"both","duration":2}],"initialState":{"affineTransform":[1,0,0,1,0,0],"masksToBounds":false,"rotation":0,"scale":1,"position":{"pointX":495.8958766319483,"pointY":-8.301445007324219},"width":1024.847421141094,"sublayerTransform":[1,0,0,0,0,1,0,0,0,0,1,0,0,0,0,1],"contentsRect":{"y":0,"x":0,"width":1,"height":1},"opacity":1,"edgeAntialiasingMask":15,"height":2,"hidden":false,"anchorPoint":{"pointX":0.5,"pointY":0.5}},"layers":[{"animations":[{"repeatCount":0,"animations":[{"from":{"scalar":1},"beginTime":0,"repeatCount":0,"fillMode":"forwards","property":"opacity","duration":0.6666,"timingFunction":"easeInEaseOut","to":{"scalar":0}},{"from":{"scalar":true},"beginTime":0.6666,"repeatCount":0,"fillMode":"forwards","property":"hidden","duration":1.3334,"to":{"scalar":true}}],"beginTime":0,"fillMode":"both","duration":2}],"layers":[],"initialState":{"affineTransform":[1,0,0,1,0,0],"masksToBounds":false,"rotation":0,"scale":1,"position":{"pointX":512.4237060546875,"pointY":0.9999999999999999},"width":1028,"sublayerTransform":[1,0,0,0,0,1,0,0,0,0,1,0,0,0,0,1],"contentsRect":{"y":0,"x":0,"width":1,"height":1},"opacity":1,"edgeAntialiasingMask":0,"height":5,"hidden":false,"anchorPoint":{"pointX":0.4998987082841331,"pointY":0.5397109985351562}},"texture":"D798361416576EFFC9BE6D7DDC113C45"}]},{"animations":[{"repeatCount":0,"animations":[{"from":{"scalar":13},"beginTime":0,"repeatCount":0,"fillMode":"both","property":"zPosition","duration":2,"timingFunction":"easeInEaseOut","to":{"scalar":13}}],"beginTime":0,"fillMode":"both","duration":2}],"initialState":{"affineTransform":[1,0,0,1,0,0],"masksToBounds":false,"rotation":0,"scale":1,"position":{"pointX":68.93915748596191,"pointY":711.8174667358398},"width":120.0586013793945,"sublayerTransform":[1,0,0,0,0,1,0,0,0,0,1,0,0,0,0,1],"contentsRect":{"y":0,"x":0,"width":1,"height":1},"opacity":1,"edgeAntialiasingMask":15,"height":94.22953796386719,"hidden":false,"anchorPoint":{"pointX":0.5,"pointY":0.5}},"layers":[{"animations":[{"repeatCount":0,"animations":[{"from":{"scalar":0},"beginTime":1.3334,"repeatCount":0,"fillMode":"both","property":"opacity","duration":0.6666,"timingFunction":"easeInEaseOut","to":{"scalar":1}},{"from":{"scalar":false},"beginTime":1.3334,"repeatCount":0,"fillMode":"forwards","property":"hidden","duration":0.6665999999999999,"to":{"scalar":false}}],"beginTime":0,"fillMode":"both","duration":2}],"layers":[],"initialState":{"affineTransform":[1,0,0,1,0,0],"masksToBounds":false,"rotation":0,"scale":1,"position":{"pointX":60.02930164337158,"pointY":47.11476898193359},"width":121,"sublayerTransform":[1,0,0,0,0,1,0,0,0,0,1,0,0,0,0,1],"contentsRect":{"y":0,"x":0,"width":1,"height":1},"opacity":1,"edgeAntialiasingMask":0,"height":95,"hidden":true,"anchorPoint":{"pointX":0.503629408592035,"pointY":0.5033417551141036}},"texture":"C352E1707DFDF047A5BBF8E7BA8DD551"}]}]},"effects":[],"duration":2,"type":"transition","name":"apple:magic-move-implied-motion-path","objectID":"0"}],"automaticPlay":false,"hyperlinks":[],"accessibility":[{"text":"micro locations","targetRectangle":{"y":270.8394470214844,"x":636.5388621826172,"width":223.1460000000001,"height":40}},{"text":"hero_hand_1.png","targetRectangle":{"y":277.17333984375,"x":30.89715576171875,"width":489,"height":491}},{"text":"iBeacons","targetRectangle":{"y":201.9966888427734,"x":633.4643469238281,"width":229.2950000000001,"height":66}},{"text":" ","targetRectangle":{"y":691.9228515625,"x":957.1707804256951,"width":7.227999999999952,"height":31}}],"baseLayer":{"animations":[],"initialState":{"affineTransform":[1,0,0,1,0,0],"masksToBounds":true,"rotation":0,"scale":1,"position":{"pointX":512,"pointY":384},"width":1024,"sublayerTransform":[1,0,0,0,0,1,0,0,0,0,1,0,0,0,0,1],"contentsRect":{"y":0,"x":0,"width":1,"height":1},"opacity":1,"edgeAntialiasingMask":0,"height":768,"hidden":false,"anchorPoint":{"pointX":0.5,"pointY":0.5}},"objectID":"0","layers":[{"animations":[],"initialState":{"affineTransform":[1,0,0,1,0,0],"masksToBounds":false,"rotation":0,"scale":1,"position":{"pointX":512,"pointY":384},"width":1024,"sublayerTransform":[1,0,0,0,0,1,0,0,0,0,1,0,0,0,0,1],"contentsRect":{"y":0,"x":0,"width":1,"height":1},"opacity":1,"edgeAntialiasingMask":15,"height":768,"hidden":false,"anchorPoint":{"pointX":0.5,"pointY":0.5}},"layers":[{"animations":[],"initialState":{"affineTransform":[1,0,0,1,0,0],"masksToBounds":false,"rotation":0,"scale":1,"position":{"pointX":512,"pointY":384},"width":1024,"sublayerTransform":[1,0,0,0,0,1,0,0,0,0,1,0,0,0,0,1],"contentsRect":{"y":0,"x":0,"width":1,"height":1},"opacity":1,"edgeAntialiasingMask":15,"height":768,"hidden":false,"anchorPoint":{"pointX":0.5,"pointY":0.5}},"layers":[{"animations":[],"layers":[],"initialState":{"affineTransform":[1,0,0,1,0,0],"masksToBounds":false,"rotation":0,"scale":1,"position":{"pointX":512,"pointY":384},"width":1024,"sublayerTransform":[1,0,0,0,0,1,0,0,0,0,1,0,0,0,0,1],"contentsRect":{"y":0,"x":0,"width":1,"height":1},"opacity":1,"edgeAntialiasingMask":0,"height":768,"hidden":false,"anchorPoint":{"pointX":0.5,"pointY":0.5}},"texture":"DB8451458D98EFA7506DBEBC2B1323F0"}]}]},{"animations":[],"initialState":{"affineTransform":[1,0,0,1,0,0],"masksToBounds":false,"rotation":0,"scale":1,"position":{"pointX":957.1622295379639,"pointY":707.2782583236694},"width":759.1025352478027,"sublayerTransform":[1,0,0,0,0,1,0,0,0,0,1,0,0,0,0,1],"contentsRect":{"y":0,"x":0,"width":1,"height":1},"opacity":1,"edgeAntialiasingMask":15,"height":757.0659160614014,"hidden":false,"anchorPoint":{"pointX":0.5,"pointY":0.5}},"layers":[{"animations":[],"layers":[],"initialState":{"affineTransform":[1,0,0,1,0,0],"masksToBounds":false,"rotation":0,"scale":1,"position":{"pointX":379.55126953125,"pointY":378.532958984375},"width":762,"sublayerTransform":[1,0,0,0,0,1,0,0,0,0,1,0,0,0,0,1],"contentsRect":{"y":0,"x":0,"width":1,"height":1},"opacity":1,"edgeAntialiasingMask":0,"height":760,"hidden":false,"anchorPoint":{"pointX":0.5002129021592028,"pointY":0.5003661306280839}},"texture":"9CAAC1294E26DBBA95C7C1D1130D188E"}]},{"animations":[],"initialState":{"affineTransform":[1,0,0,1,0,0],"masksToBounds":false,"rotation":0,"scale":1,"position":{"pointX":957.1622543334961,"pointY":707.2782545089722},"width":503.6968231201172,"sublayerTransform":[1,0,0,0,0,1,0,0,0,0,1,0,0,0,0,1],"contentsRect":{"y":0,"x":0,"width":1,"height":1},"opacity":1,"edgeAntialiasingMask":15,"height":504.5617580413818,"hidden":false,"anchorPoint":{"pointX":0.5,"pointY":0.5}},"layers":[{"animations":[],"layers":[],"initialState":{"affineTransform":[1,0,0,1,0,0],"masksToBounds":false,"rotation":0,"scale":1,"position":{"pointX":251.8484191894531,"pointY":252.2808837890625},"width":507,"sublayerTransform":[1,0,0,0,0,1,0,0,0,0,1,0,0,0,0,1],"contentsRect":{"y":0,"x":0,"width":1,"height":1},"opacity":1,"edgeAntialiasingMask":0,"height":508,"hidden":false,"anchorPoint":{"pointX":0.4993338500254253,"pointY":0.5005477544829602}},"texture":"97D47BC1A8FEAFE69554D305147333F0"}]},{"animations":[],"initialState":{"affineTransform":[1,0,0,1,0,0],"masksToBounds":false,"rotation":0,"scale":1,"position":{"pointX":275.3971557617188,"pointY":522.67333984375},"width":489,"sublayerTransform":[1,0,0,0,0,1,0,0,0,0,1,0,0,0,0,1],"contentsRect":{"y":0,"x":0,"width":1,"height":1},"opacity":1,"edgeAntialiasingMask":15,"height":491,"hidden":false,"anchorPoint":{"pointX":0.5,"pointY":0.5}},"layers":[{"animations":[],"layers":[],"initialState":{"affineTransform":[1,0,0,1,0,0],"masksToBounds":false,"rotation":0,"scale":1,"position":{"pointX":244.5,"pointY":245.5},"width":492,"sublayerTransform":[1,0,0,0,0,1,0,0,0,0,1,0,0,0,0,1],"contentsRect":{"y":0,"x":0,"width":1,"height":1},"opacity":1,"edgeAntialiasingMask":0,"height":494,"hidden":false,"anchorPoint":{"pointX":0.5008072271579649,"pointY":0.4993387446229757}},"texture":"0CDC734CC075B257CE9AE93B55D5135E"}]},{"animations":[],"initialState":{"affineTransform":[1,0,0,1,0,0],"masksToBounds":false,"rotation":0,"scale":1,"position":{"pointX":169.6250305175781,"pointY":384},"width":263.2500610351562,"sublayerTransform":[1,0,0,0,0,1,0,0,0,0,1,0,0,0,0,1],"contentsRect":{"y":0,"x":0,"width":1,"height":1},"opacity":1,"edgeAntialiasingMask":15,"height":262.6321105957031,"hidden":false,"anchorPoint":{"pointX":0.5,"pointY":0.5}},"layers":[{"animations":[],"layers":[],"initialState":{"affineTransform":[1,0,0,1,0,0],"masksToBounds":false,"rotation":0,"scale":1,"position":{"pointX":131.6250305175781,"pointY":131.3160552978516},"width":266,"sublayerTransform":[1,0,0,0,0,1,0,0,0,0,1,0,0,0,0,1],"contentsRect":{"y":0,"x":0,"width":1,"height":1},"opacity":1,"edgeAntialiasingMask":0,"height":266,"hidden":true,"anchorPoint":{"pointX":0.4985903402916471,"pointY":0.5}},"texture":"71800BC6C8703AEBCECE18A7783C9269"}]},{"animations":[],"initialState":{"affineTransform":[1,0,0,1,0,0],"masksToBounds":false,"rotation":0,"scale":1,"position":{"pointX":659.966166138649,"pointY":384},"width":690.0677082538605,"sublayerTransform":[1,0,0,0,0,1,0,0,0,0,1,0,0,0,0,1],"contentsRect":{"y":0,"x":0,"width":1,"height":1},"opacity":1,"edgeAntialiasingMask":15,"height":270.0185517072678,"hidden":false,"anchorPoint":{"pointX":0.5,"pointY":0.5}},"layers":[{"animations":[],"layers":[],"initialState":{"affineTransform":[1,0,0,1,0,0],"masksToBounds":false,"rotation":0,"scale":1,"position":{"pointX":182.5676879882812,"pointY":37.50927585363388},"width":353,"sublayerTransform":[1,0,0,0,0,1,0,0,0,0,1,0,0,0,0,1],"contentsRect":{"y":0,"x":0,"width":1,"height":1},"opacity":1,"edgeAntialiasingMask":0,"height":53,"hidden":true,"anchorPoint":{"pointX":0.5,"pointY":0.5}},"texture":"B38B4651FE7297B522CE5A40401C1F06"}]},{"animations":[],"initialState":{"affineTransform":[1,0,0,1,0,0],"masksToBounds":false,"rotation":0,"scale":1,"position":{"pointX":659.966166138649,"pointY":384},"width":690.0677082538605,"sublayerTransform":[1,0,0,0,0,1,0,0,0,0,1,0,0,0,0,1],"contentsRect":{"y":0,"x":0,"width":1,"height":1},"opacity":1,"edgeAntialiasingMask":15,"height":270.0185517072678,"hidden":false,"anchorPoint":{"pointX":0.5,"pointY":0.5}},"layers":[{"animations":[],"layers":[],"initialState":{"affineTransform":[1,0,0,1,0,0],"masksToBounds":false,"rotation":0,"scale":1,"position":{"pointX":141.0676879882812,"pointY":115.0092758536339},"width":276,"sublayerTransform":[1,0,0,0,0,1,0,0,0,0,1,0,0,0,0,1],"contentsRect":{"y":0,"x":0,"width":1,"height":1},"opacity":1,"edgeAntialiasingMask":0,"height":32,"hidden":true,"anchorPoint":{"pointX":0.5,"pointY":0.5}},"texture":"909DDB3EB1D81413525F2FC68EC35B53"}]},{"animations":[],"initialState":{"affineTransform":[1,0,0,1,0,0],"masksToBounds":false,"rotation":0,"scale":1,"position":{"pointX":659.966166138649,"pointY":384},"width":690.0677082538605,"sublayerTransform":[1,0,0,0,0,1,0,0,0,0,1,0,0,0,0,1],"contentsRect":{"y":0,"x":0,"width":1,"height":1},"opacity":1,"edgeAntialiasingMask":15,"height":270.0185517072678,"hidden":false,"anchorPoint":{"pointX":0.5,"pointY":0.5}},"layers":[{"animations":[],"layers":[],"initialState":{"affineTransform":[1,0,0,1,0,0],"masksToBounds":false,"rotation":0,"scale":1,"position":{"pointX":130.5676879882812,"pointY":251.0092758536339},"width":255,"sublayerTransform":[1,0,0,0,0,1,0,0,0,0,1,0,0,0,0,1],"contentsRect":{"y":0,"x":0,"width":1,"height":1},"opacity":1,"edgeAntialiasingMask":0,"height":32,"hidden":true,"anchorPoint":{"pointX":0.5,"pointY":0.5}},"texture":"1E461CF02EAB291CD63C19E6FD8B3E25"}]},{"animations":[],"initialState":{"affineTransform":[1,0,0,1,0,0],"masksToBounds":false,"rotation":0,"scale":1,"position":{"pointX":659.966166138649,"pointY":384},"width":690.0677082538605,"sublayerTransform":[1,0,0,0,0,1,0,0,0,0,1,0,0,0,0,1],"contentsRect":{"y":0,"x":0,"width":1,"height":1},"opacity":1,"edgeAntialiasingMask":15,"height":270.0185517072678,"hidden":false,"anchorPoint":{"pointX":0.5,"pointY":0.5}},"layers":[{"animations":[],"layers":[],"initialState":{"affineTransform":[1,0,0,1,0,0],"masksToBounds":false,"rotation":0,"scale":1,"position":{"pointX":336.5676879882812,"pointY":180.5092758536339},"width":667,"sublayerTransform":[1,0,0,0,0,1,0,0,0,0,1,0,0,0,0,1],"contentsRect":{"y":0,"x":0,"width":1,"height":1},"opacity":1,"edgeAntialiasingMask":0,"height":27,"hidden":true,"anchorPoint":{"pointX":0.5,"pointY":0.5}},"texture":"0297C0E0315DC22DB832A86C57FBB91A"}]},{"animations":[],"initialState":{"affineTransform":[1,0,0,1,0,0],"masksToBounds":false,"rotation":0,"scale":1,"position":{"pointX":748.1118416786194,"pointY":229.9168602228165},"width":525.5932512283325,"sublayerTransform":[1,0,0,0,0,1,0,0,0,0,1,0,0,0,0,1],"contentsRect":{"y":0,"x":0,"width":1,"height":1},"opacity":1,"edgeAntialiasingMask":15,"height":83.84034276008606,"hidden":false,"anchorPoint":{"pointX":0.5,"pointY":0.5}},"layers":[{"animations":[],"layers":[],"initialState":{"affineTransform":[1,0,0,1,0,0],"masksToBounds":false,"rotation":0,"scale":1,"position":{"pointX":263.6847839355469,"pointY":47.50331115722656},"width":226,"sublayerTransform":[1,0,0,0,0,1,0,0,0,0,1,0,0,0,0,1],"contentsRect":{"y":0,"x":0,"width":1,"height":1},"opacity":1,"edgeAntialiasingMask":0,"height":45,"hidden":false,"anchorPoint":{"pointX":0.5,"pointY":0.5}},"texture":"9B433C77CE4A385B6565E35B74209E54"}]},{"animations":[],"initialState":{"affineTransform":[1,0,0,1,0,0],"masksToBounds":false,"rotation":0,"scale":1,"position":{"pointX":748.1118705272675,"pointY":291.470857322216},"width":472.2150740623474,"sublayerTransform":[1,0,0,0,0,1,0,0,0,0,1,0,0,0,0,1],"contentsRect":{"y":0,"x":0,"width":1,"height":1},"opacity":1,"edgeAntialiasingMask":15,"height":49.26282060146332,"hidden":false,"anchorPoint":{"pointX":0.5,"pointY":0.5}},"layers":[{"animations":[],"layers":[],"initialState":{"affineTransform":[1,0,0,1,0,0],"masksToBounds":false,"rotation":0,"scale":1,"position":{"pointX":236.9956665039062,"pointY":24.16055297851562},"width":224,"sublayerTransform":[1,0,0,0,0,1,0,0,0,0,1,0,0,0,0,1],"contentsRect":{"y":0,"x":0,"width":1,"height":1},"opacity":1,"edgeAntialiasingMask":0,"height":28,"hidden":false,"anchorPoint":{"pointX":0.5,"pointY":0.5}},"texture":"7E6A1DE34F8CC83158790DDD53CC8760"}]},{"animations":[],"initialState":{"affineTransform":[1,0,0,1,0,0],"masksToBounds":false,"rotation":0,"scale":1,"position":{"pointX":957.1622643470764,"pointY":707.2782669067383},"width":231.4517259597778,"sublayerTransform":[1,0,0,0,0,1,0,0,0,0,1,0,0,0,0,1],"contentsRect":{"y":0,"x":0,"width":1,"height":1},"opacity":1,"edgeAntialiasingMask":15,"height":234.0702056884766,"hidden":false,"anchorPoint":{"pointX":0.5,"pointY":0.5}},"layers":[{"animations":[],"layers":[],"initialState":{"affineTransform":[1,0,0,1,0,0],"masksToBounds":false,"rotation":0,"scale":1,"position":{"pointX":115.7258605957031,"pointY":117.0351028442383},"width":234,"sublayerTransform":[1,0,0,0,0,1,0,0,0,0,1,0,0,0,0,1],"contentsRect":{"y":0,"x":0,"width":1,"height":1},"opacity":1,"edgeAntialiasingMask":0,"height":237,"hidden":false,"anchorPoint":{"pointX":0.5006934271918403,"pointY":0.4990644173280096}},"texture":"0F3F93EB9646CA484890224940219B29"}]},{"animations":[],"initialState":{"affineTransform":[1,0,0,1,0,0],"masksToBounds":false,"rotation":0,"scale":1,"position":{"pointX":495.8958766319483,"pointY":-8.301445007324219},"width":1024.847421141094,"sublayerTransform":[1,0,0,0,0,1,0,0,0,0,1,0,0,0,0,1],"contentsRect":{"y":0,"x":0,"width":1,"height":1},"opacity":1,"edgeAntialiasingMask":15,"height":2,"hidden":false,"anchorPoint":{"pointX":0.5,"pointY":0.5}},"layers":[{"animations":[],"layers":[],"initialState":{"affineTransform":[1,0,0,1,0,0],"masksToBounds":false,"rotation":0,"scale":1,"position":{"pointX":512.4237060546875,"pointY":0.9999999999999999},"width":1028,"sublayerTransform":[1,0,0,0,0,1,0,0,0,0,1,0,0,0,0,1],"contentsRect":{"y":0,"x":0,"width":1,"height":1},"opacity":1,"edgeAntialiasingMask":0,"height":5,"hidden":false,"anchorPoint":{"pointX":0.4998987082841331,"pointY":0.5397109985351562}},"texture":"D798361416576EFFC9BE6D7DDC113C45"}]},{"animations":[],"initialState":{"affineTransform":[1,0,0,1,0,0],"masksToBounds":false,"rotation":0,"scale":1,"position":{"pointX":68.93915748596191,"pointY":711.8174667358398},"width":120.0586013793945,"sublayerTransform":[1,0,0,0,0,1,0,0,0,0,1,0,0,0,0,1],"contentsRect":{"y":0,"x":0,"width":1,"height":1},"opacity":1,"edgeAntialiasingMask":15,"height":94.22953796386719,"hidden":false,"anchorPoint":{"pointX":0.5,"pointY":0.5}},"layers":[{"animations":[],"layers":[],"initialState":{"affineTransform":[1,0,0,1,0,0],"masksToBounds":false,"rotation":0,"scale":1,"position":{"pointX":60.02930164337158,"pointY":47.11476898193359},"width":121,"sublayerTransform":[1,0,0,0,0,1,0,0,0,0,1,0,0,0,0,1],"contentsRect":{"y":0,"x":0,"width":1,"height":1},"opacity":1,"edgeAntialiasingMask":0,"height":95,"hidden":true,"anchorPoint":{"pointX":0.503629408592035,"pointY":0.5033417551141036}},"texture":"C352E1707DFDF047A5BBF8E7BA8DD551"}]}]}}]}