{"assets":{"DB8451458D98EFA7506DBEBC2B1323F0":{"type":"texture","index":417,"assetRequest":{"type":"slide","state":"contents","slide":"35C9D7FD-19E5-4A41-8AE0-86C92F0CE21F"},"url":"assets/DB8451458D98EFA7506DBEBC2B1323F0.svg","width":1024,"height":768},"909364DA4EE5BAA6DCFF98685D70325C":{"type":"texture","index":418,"assetRequest":{"type":"slide","state":"contents","slide":"35C9D7FD-19E5-4A41-8AE0-86C92F0CE21F"},"url":"assets/909364DA4EE5BAA6DCFF98685D70325C.svg","width":393,"height":675},"5AF2A7736D9566F4EF3BED32A25C7604":{"type":"texture","index":419,"assetRequest":{"type":"slide","state":"contents","slide":"35C9D7FD-19E5-4A41-8AE0-86C92F0CE21F"},"url":"assets/5AF2A7736D9566F4EF3BED32A25C7604.svg","width":350,"height":97},"F9E3FCB062157303CEF464189B0C7136":{"type":"texture","index":430,"assetRequest":{"type":"slide","state":"text","slide":"35C9D7FD-19E5-4A41-8AE0-86C92F0CE21F"},"url":"assets/F9E3FCB062157303CEF464189B0C7136.svg","width":330,"height":34},"5DB26CB2108135590179EB80D735A3EC":{"type":"texture","index":431,"assetRequest":{"type":"slide","state":"text","slide":"35C9D7FD-19E5-4A41-8AE0-86C92F0CE21F"},"url":"assets/5DB26CB2108135590179EB80D735A3EC.svg","width":378,"height":32},"D977C963A3E2B372A5C8FF8C212AFD26":{"type":"texture","index":425,"assetRequest":{"type":"slide","state":"contents","slide":"35C9D7FD-19E5-4A41-8AE0-86C92F0CE21F"},"url":"assets/D977C963A3E2B372A5C8FF8C212AFD26.svg","width":46,"height":46},"0B61FABA66A8738D445548FCD39DA344":{"type":"texture","index":427,"assetRequest":{"type":"slide","state":"text","slide":"35C9D7FD-19E5-4A41-8AE0-86C92F0CE21F"},"url":"assets/0B61FABA66A8738D445548FCD39DA344.svg","width":288,"height":26},"7458444C9002C61F29D4D9EA5F425342":{"type":"texture","index":424,"assetRequest":{"type":"slide","state":"contents","slide":"35C9D7FD-19E5-4A41-8AE0-86C92F0CE21F"},"url":"assets/7458444C9002C61F29D4D9EA5F425342.svg","width":89,"height":89},"726AFA4853918CD23B349D3C441A6221":{"type":"texture","index":426,"assetRequest":{"type":"slide","state":"contents","slide":"35C9D7FD-19E5-4A41-8AE0-86C92F0CE21F"},"url":"assets/726AFA4853918CD23B349D3C441A6221.svg","width":251,"height":436},"B9EA454C4B80B58344CF27D3C4708B70":{"type":"texture","index":428,"assetRequest":{"type":"slide","state":"text","slide":"35C9D7FD-19E5-4A41-8AE0-86C92F0CE21F"},"url":"assets/B9EA454C4B80B58344CF27D3C4708B70.svg","width":350,"height":31},"FE5A985DBAA7D8C8DAFAA13E29B4AD39":{"type":"texture","index":421,"assetRequest":{"type":"slide","state":"contents","slide":"35C9D7FD-19E5-4A41-8AE0-86C92F0CE21F"},"url":"assets/FE5A985DBAA7D8C8DAFAA13E29B4AD39.svg","width":1028,"height":5},"3B5303A1ADA7561EFECC8200CC7F852C":{"type":"texture","index":422,"assetRequest":{"type":"slide","state":"contents","slide":"35C9D7FD-19E5-4A41-8AE0-86C92F0CE21F"},"url":"assets/3B5303A1ADA7561EFECC8200CC7F852C.svg","width":123,"height":25},"386C18AF9000E1B1A8EA7BB1EBEBB8E4":{"type":"texture","index":420,"assetRequest":{"type":"slide","state":"contents","slide":"35C9D7FD-19E5-4A41-8AE0-86C92F0CE21F"},"url":"assets/386C18AF9000E1B1A8EA7BB1EBEBB8E4.svg","width":378,"height":46},"AE789286F8AC63C8B6D6980C6DA1BCDB":{"type":"texture","index":429,"assetRequest":{"type":"slide","state":"object","slide":"35C9D7FD-19E5-4A41-8AE0-86C92F0CE21F"},"url":"assets/AE789286F8AC63C8B6D6980C6DA1BCDB.svg","width":378,"height":46},"2AE82B20225AFE7B9E4AFE624966A395":{"type":"texture","index":423,"assetRequest":{"type":"slide","state":"contents","slide":"35C9D7FD-19E5-4A41-8AE0-86C92F0CE21F"},"url":"assets/2AE82B20225AFE7B9E4AFE624966A395.svg","width":191,"height":24},"3658B6DEEABEEAE2573B3A3BBFC17A57":{"type":"texture","index":432,"assetRequest":{"type":"slide","state":"contents","slide":"35C9D7FD-19E5-4A41-8AE0-86C92F0CE21F"},"url":"assets/3658B6DEEABEEAE2573B3A3BBFC17A57.svg","width":492,"height":492}},"events":[{"effects":[{"beginTime":0,"baseLayer":{"animations":[{"from":{"scalar":1},"beginTime":1e-100,"repeatCount":0,"fillMode":"both","property":"opacity","duration":1.75,"timingFunction":"easeInEaseOut","to":{"scalar":0}}],"initialState":{"affineTransform":[1,0,0,1,0,0],"masksToBounds":false,"rotation":0,"scale":1,"position":{"pointX":749.4163818359375,"pointY":378},"width":249.5455322265625,"sublayerTransform":[1,0,0,0,0,1,0,0,0,0,1,0,0,0,0,1],"contentsRect":{"y":0,"x":0,"width":1,"height":1},"opacity":1,"edgeAntialiasingMask":15,"height":434.8368225097656,"hidden":false,"anchorPoint":{"pointX":0.5,"pointY":0.5}},"objectID":"C7A0F9FE-71B3-43E2-9935-0BE9A9076937","layers":[{"animations":[],"layers":[],"initialState":{"affineTransform":[1,0,0,1,0,0],"masksToBounds":false,"rotation":0,"scale":1,"position":{"pointX":124.7727661132812,"pointY":217.4184112548828},"width":251,"sublayerTransform":[1,0,0,0,0,1,0,0,0,0,1,0,0,0,0,1],"contentsRect":{"y":0,"x":0,"width":1,"height":1},"opacity":1,"edgeAntialiasingMask":0,"height":436,"hidden":false,"anchorPoint":{"pointX":0.4996668599041335,"pointY":0.5}},"texture":"726AFA4853918CD23B349D3C441A6221"}]},"effects":[],"duration":1.75,"type":"actionBuild","name":"apple:action-opacity","objectID":"C7A0F9FE-71B3-43E2-9935-0BE9A9076937"}],"automaticPlay":false,"hyperlinks":[],"accessibility":[{"text":"nsconf-avatar.png","targetRectangle":{"y":455.6451721191406,"x":701.7722778320312,"width":42.82273101806641,"height":42.82273101806641}},{"text":"HT5594--maps--en.png","targetRectangle":{"y":160.5815887451172,"x":624.6436157226562,"width":249.5455322265625,"height":434.8368225097656}},{"text":"iBeacons","targetRectangle":{"y":20.95532035827637,"x":8.155138678054819,"width":121.56804,"height":35}},{"text":"Utilizar CoreLocation","targetRectangle":{"y":334.5,"x":123.1171727180481,"width":260.9040000000001,"height":34}},{"text":"Definir regiones de “GPS”","targetRectangle":{"y":368.5,"x":123.1171727180481,"width":323.12,"height":66}},{"text":"micro locations","targetRectangle":{"y":725.17626953125,"x":825.2227699584961,"width":189.336,"height":34}},{"text":"m3681005_iphone5_white_lg.png","targetRectangle":{"y":54.37322998046875,"x":573.9649047851562,"width":389.6539916992188,"height":671.9122314453125}},{"text":"iBeacon + Background","targetRectangle":{"y":17.53282737731934,"x":346.0960152587891,"width":331.808,"height":38}},{"text":"ios_location_lrg.png","targetRectangle":{"y":663.7034301757812,"x":15.41465091705322,"width":86.01426696777344,"height":86.01426696777344}}],"baseLayer":{"animations":[],"initialState":{"affineTransform":[1,0,0,1,0,0],"masksToBounds":true,"rotation":0,"scale":1,"position":{"pointX":512,"pointY":384},"width":1024,"sublayerTransform":[1,0,0,0,0,1,0,0,0,0,1,0,0,0,0,1],"contentsRect":{"y":0,"x":0,"width":1,"height":1},"opacity":1,"edgeAntialiasingMask":0,"height":768,"hidden":false,"anchorPoint":{"pointX":0.5,"pointY":0.5}},"layers":[{"animations":[],"initialState":{"affineTransform":[1,0,0,1,0,0],"masksToBounds":false,"rotation":0,"scale":1,"position":{"pointX":512,"pointY":384},"width":1024,"sublayerTransform":[1,0,0,0,0,1,0,0,0,0,1,0,0,0,0,1],"contentsRect":{"y":0,"x":0,"width":1,"height":1},"opacity":1,"edgeAntialiasingMask":15,"height":768,"hidden":false,"anchorPoint":{"pointX":0.5,"pointY":0.5}},"layers":[{"animations":[],"initialState":{"affineTransform":[1,0,0,1,0,0],"masksToBounds":false,"rotation":0,"scale":1,"position":{"pointX":512,"pointY":384},"width":1024,"sublayerTransform":[1,0,0,0,0,1,0,0,0,0,1,0,0,0,0,1],"contentsRect":{"y":0,"x":0,"width":1,"height":1},"opacity":1,"edgeAntialiasingMask":15,"height":768,"hidden":false,"anchorPoint":{"pointX":0.5,"pointY":0.5}},"layers":[{"animations":[],"layers":[],"initialState":{"affineTransform":[1,0,0,1,0,0],"masksToBounds":false,"rotation":0,"scale":1,"position":{"pointX":512,"pointY":384},"width":1024,"sublayerTransform":[1,0,0,0,0,1,0,0,0,0,1,0,0,0,0,1],"contentsRect":{"y":0,"x":0,"width":1,"height":1},"opacity":1,"edgeAntialiasingMask":0,"height":768,"hidden":false,"anchorPoint":{"pointX":0.5,"pointY":0.5}},"texture":"DB8451458D98EFA7506DBEBC2B1323F0"}]}]},{"animations":[],"initialState":{"affineTransform":[1,0,0,1,0,0],"masksToBounds":false,"rotation":0,"scale":1,"position":{"pointX":512,"pointY":384},"width":1024,"sublayerTransform":[1,0,0,0,0,1,0,0,0,0,1,0,0,0,0,1],"contentsRect":{"y":0,"x":0,"width":1,"height":1},"opacity":1,"edgeAntialiasingMask":15,"height":768,"hidden":false,"anchorPoint":{"pointX":0.5,"pointY":0.5}},"layers":[{"animations":[],"initialState":{"affineTransform":[1,0,0,1,0,0],"masksToBounds":false,"rotation":0,"scale":1,"position":{"pointX":768.7919006347656,"pointY":390.329345703125},"width":389.6539916992188,"sublayerTransform":[1,0,0,0,0,1,0,0,0,0,1,0,0,0,0,1],"contentsRect":{"y":0,"x":0,"width":1,"height":1},"opacity":1,"edgeAntialiasingMask":15,"height":671.9122314453125,"hidden":false,"anchorPoint":{"pointX":0.5,"pointY":0.5}},"objectID":"8AAC236F-C4D5-488E-BBAF-23CC6685A6D3","layers":[{"animations":[],"layers":[],"initialState":{"affineTransform":[1,0,0,1,0,0],"masksToBounds":false,"rotation":0,"scale":1,"position":{"pointX":194.5350952148438,"pointY":336.1267700195312},"width":393,"sublayerTransform":[1,0,0,0,0,1,0,0,0,0,1,0,0,0,0,1],"contentsRect":{"y":0,"x":0,"width":1,"height":1},"opacity":1,"edgeAntialiasingMask":0,"height":675,"hidden":false,"anchorPoint":{"pointX":0.5,"pointY":0.5}},"texture":"909364DA4EE5BAA6DCFF98685D70325C"}]}]},{"animations":[],"initialState":{"affineTransform":[1,0,0,1,0,0],"masksToBounds":false,"rotation":0,"scale":1,"position":{"pointX":512,"pointY":384},"width":1024,"sublayerTransform":[1,0,0,0,0,1,0,0,0,0,1,0,0,0,0,1],"contentsRect":{"y":0,"x":0,"width":1,"height":1},"opacity":1,"edgeAntialiasingMask":15,"height":768,"hidden":false,"anchorPoint":{"pointX":0.5,"pointY":0.5}},"layers":[{"animations":[],"initialState":{"affineTransform":[1,0,0,1,0,0],"masksToBounds":false,"rotation":0,"scale":1,"position":{"pointX":302.1171722412109,"pointY":384},"width":420,"sublayerTransform":[1,0,0,0,0,1,0,0,0,0,1,0,0,0,0,1],"contentsRect":{"y":0,"x":0,"width":1,"height":1},"opacity":1,"edgeAntialiasingMask":15,"height":495,"hidden":false,"anchorPoint":{"pointX":0.5,"pointY":0.5}},"objectID":"FDB2BC89-569A-41E2-BAC5-F598B9680850","layers":[{"animations":[],"layers":[],"initialState":{"affineTransform":[1,0,0,1,0,0],"masksToBounds":false,"rotation":0,"scale":1,"position":{"pointX":178.8828277587891,"pointY":251},"width":350,"sublayerTransform":[1,0,0,0,0,1,0,0,0,0,1,0,0,0,0,1],"contentsRect":{"y":0,"x":0,"width":1,"height":1},"opacity":1,"edgeAntialiasingMask":0,"height":97,"hidden":false,"anchorPoint":{"pointX":0.5,"pointY":0.5}},"texture":"5AF2A7736D9566F4EF3BED32A25C7604"}]}]},{"animations":[],"initialState":{"affineTransform":[1,0,0,1,0,0],"masksToBounds":false,"rotation":0,"scale":1,"position":{"pointX":512,"pointY":384},"width":1024,"sublayerTransform":[1,0,0,0,0,1,0,0,0,0,1,0,0,0,0,1],"contentsRect":{"y":0,"x":0,"width":1,"height":1},"opacity":1,"edgeAntialiasingMask":15,"height":768,"hidden":false,"anchorPoint":{"pointX":0.5,"pointY":0.5}},"layers":[{"animations":[],"initialState":{"affineTransform":[1,0,0,1,0,0],"masksToBounds":false,"rotation":0,"scale":1,"position":{"pointX":512.0000089406967,"pointY":34.94419205188751},"width":374.9599788188934,"sublayerTransform":[1,0,0,0,0,1,0,0,0,0,1,0,0,0,0,1],"contentsRect":{"y":0,"x":0,"width":1,"height":1},"opacity":1,"edgeAntialiasingMask":15,"height":42.82272934913635,"hidden":false,"anchorPoint":{"pointX":0.5,"pointY":0.5}},"objectID":"1F3AF077-9A08-4F02-A175-3981030D075C","layers":[{"animations":[],"layers":[],"initialState":{"affineTransform":[1,0,0,1,0,0],"masksToBounds":false,"rotation":0,"scale":1,"position":{"pointX":187.47998046875,"pointY":21.46717262268066},"width":378,"sublayerTransform":[1,0,0,0,0,1,0,0,0,0,1,0,0,0,0,1],"contentsRect":{"y":0,"x":0,"width":1,"height":1},"opacity":1,"edgeAntialiasingMask":0,"height":46,"hidden":false,"anchorPoint":{"pointX":0.5,"pointY":0.5}},"texture":"386C18AF9000E1B1A8EA7BB1EBEBB8E4"}]}]},{"animations":[],"initialState":{"affineTransform":[1,0,0,1,0,0],"masksToBounds":false,"rotation":0,"scale":1,"position":{"pointX":512,"pointY":384},"width":1024,"sublayerTransform":[1,0,0,0,0,1,0,0,0,0,1,0,0,0,0,1],"contentsRect":{"y":0,"x":0,"width":1,"height":1},"opacity":1,"edgeAntialiasingMask":15,"height":768,"hidden":false,"anchorPoint":{"pointX":0.5,"pointY":0.5}},"layers":[{"animations":[],"initialState":{"affineTransform":[1,0,0,1,0,0],"masksToBounds":false,"rotation":0,"scale":1,"position":{"pointX":512.0000287749499,"pointY":55.35555648803711},"width":1024.847421141094,"sublayerTransform":[1,0,0,0,0,1,0,0,0,0,1,0,0,0,0,1],"contentsRect":{"y":0,"x":0,"width":1,"height":1},"opacity":1,"edgeAntialiasingMask":15,"height":2.000000000000341,"hidden":false,"anchorPoint":{"pointX":0.5,"pointY":0.5}},"objectID":"AC482E31-DB37-43D9-B0EA-50D3FFBA9088","layers":[{"animations":[],"layers":[],"initialState":{"affineTransform":[1,0,0,1,0,0],"masksToBounds":false,"rotation":0,"scale":1,"position":{"pointX":512.4236817955971,"pointY":1.144443511963061},"width":1028,"sublayerTransform":[1,0,0,0,0,1,0,0,0,0,1,0,0,0,0,1],"contentsRect":{"y":0,"x":0,"width":1,"height":1},"opacity":1,"edgeAntialiasingMask":0,"height":5,"hidden":false,"anchorPoint":{"pointX":0.5,"pointY":0.5}},"texture":"FE5A985DBAA7D8C8DAFAA13E29B4AD39"}]}]},{"animations":[],"initialState":{"affineTransform":[1,0,0,1,0,0],"masksToBounds":false,"rotation":0,"scale":1,"position":{"pointX":512,"pointY":384},"width":1024,"sublayerTransform":[1,0,0,0,0,1,0,0,0,0,1,0,0,0,0,1],"contentsRect":{"y":0,"x":0,"width":1,"height":1},"opacity":1,"edgeAntialiasingMask":15,"height":768,"hidden":false,"anchorPoint":{"pointX":0.5,"pointY":0.5}},"layers":[{"animations":[],"initialState":{"affineTransform":[1,0,0,1,0,0],"masksToBounds":false,"rotation":0,"scale":1,"position":{"pointX":68.93915748596191,"pointY":38.36668667197227},"width":133.4970374107361,"sublayerTransform":[1,0,0,0,0,1,0,0,0,0,1,0,0,0,0,1],"contentsRect":{"y":0,"x":0,"width":1,"height":1},"opacity":1,"edgeAntialiasingMask":15,"height":42.82273262739182,"hidden":false,"anchorPoint":{"pointX":0.5,"pointY":0.5}},"objectID":"B550A2D0-3925-43E8-8D30-5551E3E49C3E","layers":[{"animations":[],"layers":[],"initialState":{"affineTransform":[1,0,0,1,0,0],"masksToBounds":false,"rotation":0,"scale":1,"position":{"pointX":68.30936121940613,"pointY":21.54467964172363},"width":123,"sublayerTransform":[1,0,0,0,0,1,0,0,0,0,1,0,0,0,0,1],"contentsRect":{"y":0,"x":0,"width":1,"height":1},"opacity":1,"edgeAntialiasingMask":0,"height":25,"hidden":false,"anchorPoint":{"pointX":0.5,"pointY":0.5}},"texture":"3B5303A1ADA7561EFECC8200CC7F852C"}]}]},{"animations":[],"initialState":{"affineTransform":[1,0,0,1,0,0],"masksToBounds":false,"rotation":0,"scale":1,"position":{"pointX":512,"pointY":384},"width":1024,"sublayerTransform":[1,0,0,0,0,1,0,0,0,0,1,0,0,0,0,1],"contentsRect":{"y":0,"x":0,"width":1,"height":1},"opacity":1,"edgeAntialiasingMask":15,"height":768,"hidden":false,"anchorPoint":{"pointX":0.5,"pointY":0.5}},"layers":[{"animations":[],"initialState":{"affineTransform":[1,0,0,1,0,0],"masksToBounds":false,"rotation":0,"scale":1,"position":{"pointX":919.8907729387283,"pointY":742.5876355618238},"width":221.2560331821442,"sublayerTransform":[1,0,0,0,0,1,0,0,0,0,1,0,0,0,0,1],"contentsRect":{"y":0,"x":0,"width":1,"height":1},"opacity":1,"edgeAntialiasingMask":15,"height":42.82273206114769,"hidden":false,"anchorPoint":{"pointX":0.5,"pointY":0.5}},"objectID":"2294B3F4-1EB6-4139-BBB5-8D0A0A7E30B3","layers":[{"animations":[],"layers":[],"initialState":{"affineTransform":[1,0,0,1,0,0],"masksToBounds":false,"rotation":0,"scale":1,"position":{"pointX":111.2372436523438,"pointY":21.82373046875},"width":191,"sublayerTransform":[1,0,0,0,0,1,0,0,0,0,1,0,0,0,0,1],"contentsRect":{"y":0,"x":0,"width":1,"height":1},"opacity":1,"edgeAntialiasingMask":0,"height":24,"hidden":false,"anchorPoint":{"pointX":0.5,"pointY":0.5}},"texture":"2AE82B20225AFE7B9E4AFE624966A395"}]}]},{"animations":[],"initialState":{"affineTransform":[1,0,0,1,0,0],"masksToBounds":false,"rotation":0,"scale":1,"position":{"pointX":512,"pointY":384},"width":1024,"sublayerTransform":[1,0,0,0,0,1,0,0,0,0,1,0,0,0,0,1],"contentsRect":{"y":0,"x":0,"width":1,"height":1},"opacity":1,"edgeAntialiasingMask":15,"height":768,"hidden":false,"anchorPoint":{"pointX":0.5,"pointY":0.5}},"layers":[{"animations":[],"initialState":{"affineTransform":[1,0,0,1,0,0],"masksToBounds":false,"rotation":0,"scale":1,"position":{"pointX":58.42178440093994,"pointY":706.710563659668},"width":86.01426696777344,"sublayerTransform":[1,0,0,0,0,1,0,0,0,0,1,0,0,0,0,1],"contentsRect":{"y":0,"x":0,"width":1,"height":1},"opacity":1,"edgeAntialiasingMask":15,"height":86.01426696777344,"hidden":false,"anchorPoint":{"pointX":0.5,"pointY":0.5}},"objectID":"A508E74E-E11C-463B-9EE5-DB33A63B7AC9","layers":[{"animations":[],"layers":[],"initialState":{"affineTransform":[1,0,0,1,0,0],"masksToBounds":false,"rotation":0,"scale":1,"position":{"pointX":43.08534908294678,"pointY":42.79656982421875},"width":89,"sublayerTransform":[1,0,0,0,0,1,0,0,0,0,1,0,0,0,0,1],"contentsRect":{"y":0,"x":0,"width":1,"height":1},"opacity":1,"edgeAntialiasingMask":0,"height":89,"hidden":false,"anchorPoint":{"pointX":0.5,"pointY":0.5}},"texture":"7458444C9002C61F29D4D9EA5F425342"}]}]},{"animations":[],"initialState":{"affineTransform":[1,0,0,1,0,0],"masksToBounds":false,"rotation":0,"scale":1,"position":{"pointX":512,"pointY":384},"width":1024,"sublayerTransform":[1,0,0,0,0,1,0,0,0,0,1,0,0,0,0,1],"contentsRect":{"y":0,"x":0,"width":1,"height":1},"opacity":1,"edgeAntialiasingMask":15,"height":768,"hidden":false,"anchorPoint":{"pointX":0.5,"pointY":0.5}},"layers":[{"animations":[],"initialState":{"affineTransform":[1,0,0,1,0,0],"masksToBounds":false,"rotation":0,"scale":1,"position":{"pointX":723.1836433410645,"pointY":477.0565376281738},"width":42.82273101806641,"sublayerTransform":[1,0,0,0,0,1,0,0,0,0,1,0,0,0,0,1],"contentsRect":{"y":0,"x":0,"width":1,"height":1},"opacity":1,"edgeAntialiasingMask":15,"height":42.82273101806641,"hidden":false,"anchorPoint":{"pointX":0.5,"pointY":0.5}},"objectID":"7AF2409D-9DCF-4B3A-AD81-5853AC8D853A","layers":[{"animations":[],"layers":[],"initialState":{"affineTransform":[1,0,0,1,0,0],"masksToBounds":false,"rotation":0,"scale":1,"position":{"pointX":21.22772216796875,"pointY":21.35482788085938},"width":46,"sublayerTransform":[1,0,0,0,0,1,0,0,0,0,1,0,0,0,0,1],"contentsRect":{"y":0,"x":0,"width":1,"height":1},"opacity":1,"edgeAntialiasingMask":0,"height":46,"hidden":false,"anchorPoint":{"pointX":0.5,"pointY":0.5}},"texture":"D977C963A3E2B372A5C8FF8C212AFD26"}]}]},{"animations":[],"initialState":{"affineTransform":[1,0,0,1,0,0],"masksToBounds":false,"rotation":0,"scale":1,"position":{"pointX":512,"pointY":384},"width":1024,"sublayerTransform":[1,0,0,0,0,1,0,0,0,0,1,0,0,0,0,1],"contentsRect":{"y":0,"x":0,"width":1,"height":1},"opacity":1,"edgeAntialiasingMask":15,"height":768,"hidden":false,"anchorPoint":{"pointX":0.5,"pointY":0.5}},"layers":[{"animations":[],"initialState":{"affineTransform":[1,0,0,1,0,0],"masksToBounds":false,"rotation":0,"scale":1,"position":{"pointX":749.4163818359375,"pointY":378},"width":249.5455322265625,"sublayerTransform":[1,0,0,0,0,1,0,0,0,0,1,0,0,0,0,1],"contentsRect":{"y":0,"x":0,"width":1,"height":1},"opacity":1,"edgeAntialiasingMask":15,"height":434.8368225097656,"hidden":false,"anchorPoint":{"pointX":0.5,"pointY":0.5}},"objectID":"C7A0F9FE-71B3-43E2-9935-0BE9A9076937","layers":[{"animations":[],"layers":[],"initialState":{"affineTransform":[1,0,0,1,0,0],"masksToBounds":false,"rotation":0,"scale":1,"position":{"pointX":124.7727661132812,"pointY":217.4184112548828},"width":251,"sublayerTransform":[1,0,0,0,0,1,0,0,0,0,1,0,0,0,0,1],"contentsRect":{"y":0,"x":0,"width":1,"height":1},"opacity":1,"edgeAntialiasingMask":0,"height":436,"hidden":false,"anchorPoint":{"pointX":0.4996668599041335,"pointY":0.5}},"texture":"726AFA4853918CD23B349D3C441A6221"}]}]}]}},{"effects":[{"beginTime":0,"baseLayer":{"animations":[],"initialState":{"affineTransform":[1,0,0,1,0,0],"masksToBounds":true,"rotation":0,"scale":1,"position":{"pointX":512,"pointY":384},"width":1024,"sublayerTransform":[1,0,0,0,0,1,0,0,0,0,1,0,0,0,0,1],"contentsRect":{"y":0,"x":0,"width":1,"height":1},"opacity":1,"edgeAntialiasingMask":0,"height":768,"hidden":false,"anchorPoint":{"pointX":0.5,"pointY":0.5}},"objectID":"0","layers":[{"animations":[],"initialState":{"affineTransform":[1,0,0,1,0,0],"masksToBounds":false,"rotation":0,"scale":1,"position":{"pointX":512,"pointY":384},"width":1024,"sublayerTransform":[1,0,0,0,0,1,0,0,0,0,1,0,0,0,0,1],"contentsRect":{"y":0,"x":0,"width":1,"height":1},"opacity":1,"edgeAntialiasingMask":15,"height":768,"hidden":false,"anchorPoint":{"pointX":0.5,"pointY":0.5}},"layers":[{"animations":[{"repeatCount":0,"animations":[{"from":{"scalar":0},"beginTime":0,"repeatCount":0,"fillMode":"both","property":"zPosition","duration":2,"timingFunction":"easeInEaseOut","to":{"scalar":0}}],"beginTime":0,"fillMode":"both","duration":2}],"initialState":{"affineTransform":[1,0,0,1,0,0],"masksToBounds":false,"rotation":0,"scale":1,"position":{"pointX":512,"pointY":384},"width":1024,"sublayerTransform":[1,0,0,0,0,1,0,0,0,0,1,0,0,0,0,1],"contentsRect":{"y":0,"x":0,"width":1,"height":1},"opacity":1,"edgeAntialiasingMask":15,"height":768,"hidden":false,"anchorPoint":{"pointX":0.5,"pointY":0.5}},"layers":[{"animations":[],"layers":[],"initialState":{"affineTransform":[1,0,0,1,0,0],"masksToBounds":false,"rotation":0,"scale":1,"position":{"pointX":512,"pointY":384},"width":1024,"sublayerTransform":[1,0,0,0,0,1,0,0,0,0,1,0,0,0,0,1],"contentsRect":{"y":0,"x":0,"width":1,"height":1},"opacity":1,"edgeAntialiasingMask":0,"height":768,"hidden":false,"anchorPoint":{"pointX":0.5,"pointY":0.5}},"texture":"DB8451458D98EFA7506DBEBC2B1323F0"}]}]},{"animations":[{"repeatCount":0,"animations":[{"from":{"scalar":1},"beginTime":0,"repeatCount":0,"fillMode":"both","property":"zPosition","duration":2,"timingFunction":"easeInEaseOut","to":{"scalar":1}}],"beginTime":0,"fillMode":"both","duration":2}],"initialState":{"affineTransform":[1,0,0,1,0,0],"masksToBounds":false,"rotation":0,"scale":1,"position":{"pointX":768.7919006347656,"pointY":390.329345703125},"width":389.6539916992188,"sublayerTransform":[1,0,0,0,0,1,0,0,0,0,1,0,0,0,0,1],"contentsRect":{"y":0,"x":0,"width":1,"height":1},"opacity":1,"edgeAntialiasingMask":15,"height":671.9122314453125,"hidden":false,"anchorPoint":{"pointX":0.5,"pointY":0.5}},"layers":[{"animations":[{"repeatCount":0,"animations":[{"from":{"scalar":1},"beginTime":0,"repeatCount":0,"fillMode":"forwards","property":"opacity","duration":0.6666,"timingFunction":"easeInEaseOut","to":{"scalar":0}},{"from":{"scalar":true},"beginTime":0.6666,"repeatCount":0,"fillMode":"forwards","property":"hidden","duration":1.3334,"to":{"scalar":true}}],"beginTime":0,"fillMode":"both","duration":2}],"layers":[],"initialState":{"affineTransform":[1,0,0,1,0,0],"masksToBounds":false,"rotation":0,"scale":1,"position":{"pointX":194.8269958496094,"pointY":335.9561157226562},"width":393,"sublayerTransform":[1,0,0,0,0,1,0,0,0,0,1,0,0,0,0,1],"contentsRect":{"y":0,"x":0,"width":1,"height":1},"opacity":1,"edgeAntialiasingMask":0,"height":675,"hidden":false,"anchorPoint":{"pointX":0.5007427497067828,"pointY":0.4997471788194445}},"texture":"909364DA4EE5BAA6DCFF98685D70325C"}]},{"animations":[{"repeatCount":0,"animations":[{"from":{"scalar":2},"beginTime":0,"repeatCount":0,"fillMode":"both","property":"zPosition","duration":2,"timingFunction":"easeInEaseOut","to":{"scalar":2}}],"beginTime":0,"fillMode":"both","duration":2}],"initialState":{"affineTransform":[1,0,0,1,0,0],"masksToBounds":false,"rotation":0,"scale":1,"position":{"pointX":302.1171722412109,"pointY":384},"width":420,"sublayerTransform":[1,0,0,0,0,1,0,0,0,0,1,0,0,0,0,1],"contentsRect":{"y":0,"x":0,"width":1,"height":1},"opacity":1,"edgeAntialiasingMask":15,"height":495,"hidden":false,"anchorPoint":{"pointX":0.5,"pointY":0.5}},"layers":[{"animations":[{"repeatCount":0,"animations":[{"from":{"scalar":1},"beginTime":0,"repeatCount":0,"fillMode":"forwards","property":"opacity","duration":0.6666,"timingFunction":"easeInEaseOut","to":{"scalar":0}},{"from":{"scalar":true},"beginTime":0.6666,"repeatCount":0,"fillMode":"forwards","property":"hidden","duration":1.3334,"to":{"scalar":true}}],"beginTime":0,"fillMode":"both","duration":2}],"layers":[],"initialState":{"affineTransform":[1,0,0,1,0,0],"masksToBounds":false,"rotation":0,"scale":1,"position":{"pointX":147.8828277587891,"pointY":215.5},"width":288,"sublayerTransform":[1,0,0,0,0,1,0,0,0,0,1,0,0,0,0,1],"contentsRect":{"y":0,"x":0,"width":1,"height":1},"opacity":1,"edgeAntialiasingMask":0,"height":26,"hidden":false,"anchorPoint":{"pointX":0.5,"pointY":0.5}},"texture":"0B61FABA66A8738D445548FCD39DA344"}]},{"animations":[{"repeatCount":0,"animations":[{"from":{"scalar":3},"beginTime":0,"repeatCount":0,"fillMode":"both","property":"zPosition","duration":2,"timingFunction":"easeInEaseOut","to":{"scalar":3}}],"beginTime":0,"fillMode":"both","duration":2}],"initialState":{"affineTransform":[1,0,0,1,0,0],"masksToBounds":false,"rotation":0,"scale":1,"position":{"pointX":302.1171722412109,"pointY":384},"width":420,"sublayerTransform":[1,0,0,0,0,1,0,0,0,0,1,0,0,0,0,1],"contentsRect":{"y":0,"x":0,"width":1,"height":1},"opacity":1,"edgeAntialiasingMask":15,"height":495,"hidden":false,"anchorPoint":{"pointX":0.5,"pointY":0.5}},"layers":[{"animations":[{"repeatCount":0,"animations":[{"from":{"scalar":1},"beginTime":0,"repeatCount":0,"fillMode":"forwards","property":"opacity","duration":0.6666,"timingFunction":"easeInEaseOut","to":{"scalar":0}},{"from":{"scalar":true},"beginTime":0.6666,"repeatCount":0,"fillMode":"forwards","property":"hidden","duration":1.3334,"to":{"scalar":true}}],"beginTime":0,"fillMode":"both","duration":2}],"layers":[],"initialState":{"affineTransform":[1,0,0,1,0,0],"masksToBounds":false,"rotation":0,"scale":1,"position":{"pointX":178.8828277587891,"pointY":284},"width":350,"sublayerTransform":[1,0,0,0,0,1,0,0,0,0,1,0,0,0,0,1],"contentsRect":{"y":0,"x":0,"width":1,"height":1},"opacity":1,"edgeAntialiasingMask":0,"height":31,"hidden":false,"anchorPoint":{"pointX":0.5,"pointY":0.5}},"texture":"B9EA454C4B80B58344CF27D3C4708B70"}]},{"animations":[{"repeatCount":0,"animations":[{"from":{"scalar":4},"beginTime":0,"repeatCount":0,"fillMode":"both","property":"zPosition","duration":2,"timingFunction":"easeInEaseOut","to":{"scalar":4}}],"beginTime":0,"fillMode":"both","duration":2}],"initialState":{"affineTransform":[1,0,0,1,0,0],"masksToBounds":false,"rotation":0,"scale":1,"position":{"pointX":512.0000089406967,"pointY":34.94419205188751},"width":374.9599788188934,"sublayerTransform":[1,0,0,0,0,1,0,0,0,0,1,0,0,0,0,1],"contentsRect":{"y":0,"x":0,"width":1,"height":1},"opacity":1,"edgeAntialiasingMask":15,"height":42.82272934913635,"hidden":false,"anchorPoint":{"pointX":0.5,"pointY":0.5}},"layers":[{"animations":[{"repeatCount":0,"animations":[{"from":{"scalar":1},"beginTime":0,"repeatCount":0,"fillMode":"forwards","property":"opacity","duration":0.6666,"timingFunction":"easeInEaseOut","to":{"scalar":0}},{"from":{"scalar":true},"beginTime":0.6666,"repeatCount":0,"fillMode":"forwards","property":"hidden","duration":1.3334,"to":{"scalar":true}}],"beginTime":0,"fillMode":"both","duration":2}],"layers":[],"initialState":{"affineTransform":[1,0,0,1,0,0],"masksToBounds":false,"rotation":0,"scale":1,"position":{"pointX":187.4799957275391,"pointY":21.4113655090332},"width":378,"sublayerTransform":[1,0,0,0,0,1,0,0,0,0,1,0,0,0,0,1],"contentsRect":{"y":0,"x":0,"width":1,"height":1},"opacity":1,"edgeAntialiasingMask":0,"height":46,"hidden":false,"anchorPoint":{"pointX":0.5000000403671668,"pointY":0.4987868018772291}},"texture":"AE789286F8AC63C8B6D6980C6DA1BCDB"}]},{"animations":[{"repeatCount":0,"animations":[{"from":{"scalar":5},"beginTime":0,"repeatCount":0,"fillMode":"both","property":"zPosition","duration":2,"timingFunction":"easeInEaseOut","to":{"scalar":5}}],"beginTime":0,"fillMode":"both","duration":2}],"initialState":{"affineTransform":[1,0,0,1,0,0],"masksToBounds":false,"rotation":0,"scale":1,"position":{"pointX":512.0000089406967,"pointY":34.94419205188751},"width":374.9599788188934,"sublayerTransform":[1,0,0,0,0,1,0,0,0,0,1,0,0,0,0,1],"contentsRect":{"y":0,"x":0,"width":1,"height":1},"opacity":1,"edgeAntialiasingMask":15,"height":42.82272934913635,"hidden":false,"anchorPoint":{"pointX":0.5,"pointY":0.5}},"layers":[{"animations":[{"repeatCount":0,"animations":[{"from":{"scalar":1},"beginTime":0,"repeatCount":0,"fillMode":"forwards","property":"opacity","duration":0.6666,"timingFunction":"easeInEaseOut","to":{"scalar":0}},{"from":{"scalar":true},"beginTime":0.6666,"repeatCount":0,"fillMode":"forwards","property":"hidden","duration":1.3334,"to":{"scalar":true}}],"beginTime":0,"fillMode":"both","duration":2}],"layers":[],"initialState":{"affineTransform":[1,0,0,1,0,0],"masksToBounds":false,"rotation":0,"scale":1,"position":{"pointX":187.47998046875,"pointY":26.46717262268066},"width":330,"sublayerTransform":[1,0,0,0,0,1,0,0,0,0,1,0,0,0,0,1],"contentsRect":{"y":0,"x":0,"width":1,"height":1},"opacity":1,"edgeAntialiasingMask":0,"height":34,"hidden":false,"anchorPoint":{"pointX":0.5,"pointY":0.5}},"texture":"F9E3FCB062157303CEF464189B0C7136"}]},{"animations":[{"repeatCount":0,"animations":[{"from":{"scalar":6},"beginTime":0,"repeatCount":0,"fillMode":"both","property":"zPosition","duration":2,"timingFunction":"easeInEaseOut","to":{"scalar":6}}],"beginTime":0,"fillMode":"both","duration":2}],"initialState":{"affineTransform":[1,0,0,1,0,0],"masksToBounds":false,"rotation":0,"scale":1,"position":{"pointX":512.0000287749499,"pointY":55.35555648803711},"width":1024.847421141094,"sublayerTransform":[1,0,0,0,0,1,0,0,0,0,1,0,0,0,0,1],"contentsRect":{"y":0,"x":0,"width":1,"height":1},"opacity":1,"edgeAntialiasingMask":15,"height":2,"hidden":false,"anchorPoint":{"pointX":0.5,"pointY":0.5}},"layers":[{"animations":[{"repeatCount":0,"animations":[{"from":{"texture":"FE5A985DBAA7D8C8DAFAA13E29B4AD39"},"beginTime":0,"repeatCount":0,"fillMode":"both","property":"contents","duration":2,"timingFunction":"easeInEaseOut","to":{"texture":"FE5A985DBAA7D8C8DAFAA13E29B4AD39"}},{"from":{"scalar":-3.295228373362377e-16},"beginTime":0,"repeatCount":0,"fillMode":"both","property":"transform.rotation.z","duration":2,"to":{"scalar":-3.295228373362377e-16}}],"beginTime":0,"fillMode":"both","duration":2}],"layers":[],"initialState":{"affineTransform":[1,0,0,1,0,0],"masksToBounds":false,"rotation":0,"scale":1,"position":{"pointX":512.4237060546875,"pointY":0.9999999999999999},"width":1028,"sublayerTransform":[1,0,0,0,0,1,0,0,0,0,1,0,0,0,0,1],"contentsRect":{"y":0,"x":0,"width":1,"height":1},"opacity":1,"edgeAntialiasingMask":0,"height":5,"hidden":false,"anchorPoint":{"pointX":0.500000023598337,"pointY":0.4711112976074219}},"texture":"FE5A985DBAA7D8C8DAFAA13E29B4AD39"}]},{"animations":[{"repeatCount":0,"animations":[{"from":{"scalar":7},"beginTime":0,"repeatCount":0,"fillMode":"both","property":"zPosition","duration":2,"timingFunction":"easeInEaseOut","to":{"scalar":7}}],"beginTime":0,"fillMode":"both","duration":2}],"initialState":{"affineTransform":[1,0,0,1,0,0],"masksToBounds":false,"rotation":0,"scale":1,"position":{"pointX":68.93915748596191,"pointY":38.36668667197227},"width":133.4970374107361,"sublayerTransform":[1,0,0,0,0,1,0,0,0,0,1,0,0,0,0,1],"contentsRect":{"y":0,"x":0,"width":1,"height":1},"opacity":1,"edgeAntialiasingMask":15,"height":42.82273262739182,"hidden":false,"anchorPoint":{"pointX":0.5,"pointY":0.5}},"layers":[{"animations":[{"repeatCount":0,"animations":[{"from":{"texture":"3B5303A1ADA7561EFECC8200CC7F852C"},"beginTime":0,"repeatCount":0,"fillMode":"both","property":"contents","duration":2,"timingFunction":"easeInEaseOut","to":{"texture":"3B5303A1ADA7561EFECC8200CC7F852C"}}],"beginTime":0,"fillMode":"both","duration":2}],"layers":[],"initialState":{"affineTransform":[1,0,0,1,0,0],"masksToBounds":false,"rotation":0,"scale":1,"position":{"pointX":68.30936121940613,"pointY":21.54467964172363},"width":123,"sublayerTransform":[1,0,0,0,0,1,0,0,0,0,1,0,0,0,0,1],"contentsRect":{"y":0,"x":0,"width":1,"height":1},"opacity":1,"edgeAntialiasingMask":0,"height":25,"hidden":false,"anchorPoint":{"pointX":0.5,"pointY":0.5}},"texture":"3B5303A1ADA7561EFECC8200CC7F852C"}]},{"animations":[{"repeatCount":0,"animations":[{"from":{"scalar":8},"beginTime":0,"repeatCount":0,"fillMode":"both","property":"zPosition","duration":2,"timingFunction":"easeInEaseOut","to":{"scalar":8}}],"beginTime":0,"fillMode":"both","duration":2}],"initialState":{"affineTransform":[1,0,0,1,0,0],"masksToBounds":false,"rotation":0,"scale":1,"position":{"pointX":919.8907729387283,"pointY":742.5876355618238},"width":221.2560331821442,"sublayerTransform":[1,0,0,0,0,1,0,0,0,0,1,0,0,0,0,1],"contentsRect":{"y":0,"x":0,"width":1,"height":1},"opacity":1,"edgeAntialiasingMask":15,"height":42.82273206114769,"hidden":false,"anchorPoint":{"pointX":0.5,"pointY":0.5}},"layers":[{"animations":[{"repeatCount":0,"animations":[{"from":{"scalar":1},"beginTime":0,"repeatCount":0,"fillMode":"forwards","property":"opacity","duration":0.6666,"timingFunction":"easeInEaseOut","to":{"scalar":0}},{"from":{"scalar":true},"beginTime":0.6666,"repeatCount":0,"fillMode":"forwards","property":"hidden","duration":1.3334,"to":{"scalar":true}}],"beginTime":0,"fillMode":"both","duration":2}],"layers":[],"initialState":{"affineTransform":[1,0,0,1,0,0],"masksToBounds":false,"rotation":0,"scale":1,"position":{"pointX":111.2372436523438,"pointY":21.82373046875},"width":191,"sublayerTransform":[1,0,0,0,0,1,0,0,0,0,1,0,0,0,0,1],"contentsRect":{"y":0,"x":0,"width":1,"height":1},"opacity":1,"edgeAntialiasingMask":0,"height":24,"hidden":false,"anchorPoint":{"pointX":0.5,"pointY":0.5}},"texture":"2AE82B20225AFE7B9E4AFE624966A395"}]},{"animations":[{"repeatCount":0,"animations":[{"from":{"scalar":9},"beginTime":0,"repeatCount":0,"fillMode":"both","property":"zPosition","duration":2,"timingFunction":"easeInEaseOut","to":{"scalar":9}}],"beginTime":0,"fillMode":"both","duration":2}],"initialState":{"affineTransform":[1,0,0,1,0,0],"masksToBounds":false,"rotation":0,"scale":1,"position":{"pointX":58.42178440093994,"pointY":706.710563659668},"width":86.01426696777344,"sublayerTransform":[1,0,0,0,0,1,0,0,0,0,1,0,0,0,0,1],"contentsRect":{"y":0,"x":0,"width":1,"height":1},"opacity":1,"edgeAntialiasingMask":15,"height":86.01426696777344,"hidden":false,"anchorPoint":{"pointX":0.5,"pointY":0.5}},"layers":[{"animations":[{"repeatCount":0,"animations":[{"from":{"texture":"7458444C9002C61F29D4D9EA5F425342"},"beginTime":0,"repeatCount":0,"fillMode":"both","property":"contents","duration":2,"timingFunction":"easeInEaseOut","to":{"texture":"7458444C9002C61F29D4D9EA5F425342"}}],"beginTime":0,"fillMode":"both","duration":2}],"layers":[],"initialState":{"affineTransform":[1,0,0,1,0,0],"masksToBounds":false,"rotation":0,"scale":1,"position":{"pointX":43.00713348388672,"pointY":43.00713348388672},"width":89,"sublayerTransform":[1,0,0,0,0,1,0,0,0,0,1,0,0,0,0,1],"contentsRect":{"y":0,"x":0,"width":1,"height":1},"opacity":1,"edgeAntialiasingMask":0,"height":89,"hidden":false,"anchorPoint":{"pointX":0.499121173044269,"pointY":0.5023658838164941}},"texture":"7458444C9002C61F29D4D9EA5F425342"}]},{"animations":[{"repeatCount":0,"animations":[{"from":{"scalar":10},"beginTime":0,"repeatCount":0,"fillMode":"both","property":"zPosition","duration":2,"timingFunction":"easeInEaseOut","to":{"scalar":10}}],"beginTime":0,"fillMode":"both","duration":2}],"initialState":{"affineTransform":[1,0,0,1,0,0],"masksToBounds":false,"rotation":0,"scale":1,"position":{"pointX":723.1836433410645,"pointY":477.0565376281738},"width":42.82273101806641,"sublayerTransform":[1,0,0,0,0,1,0,0,0,0,1,0,0,0,0,1],"contentsRect":{"y":0,"x":0,"width":1,"height":1},"opacity":1,"edgeAntialiasingMask":15,"height":42.82273101806641,"hidden":false,"anchorPoint":{"pointX":0.5,"pointY":0.5}},"layers":[{"animations":[{"repeatCount":0,"animations":[{"from":{"texture":"D977C963A3E2B372A5C8FF8C212AFD26"},"beginTime":0,"repeatCount":0,"fillMode":"both","property":"contents","duration":2,"timingFunction":"easeInEaseOut","to":{"texture":"3658B6DEEABEEAE2573B3A3BBFC17A57"}},{"from":{"scalar":1},"beginTime":0,"repeatCount":0,"fillMode":"both","property":"transform.scale.x","duration":2,"timingFunction":"easeInEaseOut","to":{"scalar":10.69565217391304}},{"from":{"scalar":1},"beginTime":0,"repeatCount":0,"fillMode":"both","property":"transform.scale.y","duration":2,"timingFunction":"easeInEaseOut","to":{"scalar":10.69565217391304}},{"from":{"pointX":0,"pointY":0},"beginTime":0,"repeatCount":0,"fillMode":"both","property":"transform.translation","duration":2,"timingFunction":"easeInEaseOut","to":{"pointX":-211.1836433410645,"pointY":-93.05653762817383}},{"from":{"pointX":0.5039922465448794,"pointY":0.5012290788733441},"beginTime":0,"repeatCount":0,"fillMode":"both","property":"anchorPoint","duration":2,"timingFunction":"easeInEaseOut","to":{"pointX":0.5,"pointY":0.5}}],"beginTime":0,"fillMode":"both","duration":2}],"layers":[],"initialState":{"affineTransform":[1,0,0,1,0,0],"masksToBounds":false,"rotation":0,"scale":1,"position":{"pointX":21.4113655090332,"pointY":21.4113655090332},"width":46,"sublayerTransform":[1,0,0,0,0,1,0,0,0,0,1,0,0,0,0,1],"contentsRect":{"y":0,"x":0,"width":1,"height":1},"opacity":1,"edgeAntialiasingMask":0,"height":46,"hidden":false,"anchorPoint":{"pointX":0.5039922465448794,"pointY":0.5012290788733441}},"texture":"D977C963A3E2B372A5C8FF8C212AFD26"}]},{"animations":[{"repeatCount":0,"animations":[{"from":{"scalar":11},"beginTime":0,"repeatCount":0,"fillMode":"both","property":"zPosition","duration":2,"timingFunction":"easeInEaseOut","to":{"scalar":11}}],"beginTime":0,"fillMode":"both","duration":2}],"initialState":{"affineTransform":[1,0,0,1,0,0],"masksToBounds":false,"rotation":0,"scale":1,"position":{"pointX":749.4163818359375,"pointY":378},"width":249.5455322265625,"sublayerTransform":[1,0,0,0,0,1,0,0,0,0,1,0,0,0,0,1],"contentsRect":{"y":0,"x":0,"width":1,"height":1},"opacity":0,"edgeAntialiasingMask":15,"height":434.8368225097656,"hidden":false,"anchorPoint":{"pointX":0.5,"pointY":0.5}},"layers":[{"animations":[{"repeatCount":0,"animations":[{"from":{"scalar":true},"beginTime":0.6666,"repeatCount":0,"fillMode":"forwards","property":"hidden","duration":1.3334,"to":{"scalar":true}}],"beginTime":0,"fillMode":"both","duration":2}],"layers":[],"initialState":{"affineTransform":[1,0,0,1,0,0],"masksToBounds":false,"rotation":0,"scale":1,"position":{"pointX":124.7727661132812,"pointY":217.4184112548828},"width":251,"sublayerTransform":[1,0,0,0,0,1,0,0,0,0,1,0,0,0,0,1],"contentsRect":{"y":0,"x":0,"width":1,"height":1},"opacity":1,"edgeAntialiasingMask":0,"height":436,"hidden":false,"anchorPoint":{"pointX":0.4996668599041335,"pointY":0.5}},"texture":"726AFA4853918CD23B349D3C441A6221"}]},{"animations":[{"repeatCount":0,"animations":[{"from":{"scalar":12},"beginTime":0,"repeatCount":0,"fillMode":"both","property":"zPosition","duration":2,"timingFunction":"easeInEaseOut","to":{"scalar":12}}],"beginTime":0,"fillMode":"both","duration":2}],"initialState":{"affineTransform":[1,0,0,1,0,0],"masksToBounds":false,"rotation":0,"scale":1,"position":{"pointX":512.0000052452087,"pointY":38.36668941378593},"width":542.4887800216675,"sublayerTransform":[1,0,0,0,0,1,0,0,0,0,1,0,0,0,0,1],"contentsRect":{"y":0,"x":0,"width":1,"height":1},"opacity":1,"edgeAntialiasingMask":15,"height":50.73720306158066,"hidden":false,"anchorPoint":{"pointX":0.5,"pointY":0.5}},"layers":[{"animations":[{"repeatCount":0,"animations":[{"from":{"scalar":0},"beginTime":1.3334,"repeatCount":0,"fillMode":"both","property":"opacity","duration":0.6666,"timingFunction":"easeInEaseOut","to":{"scalar":1}},{"from":{"scalar":false},"beginTime":1.3334,"repeatCount":0,"fillMode":"forwards","property":"hidden","duration":0.6665999999999999,"to":{"scalar":false}}],"beginTime":0,"fillMode":"both","duration":2}],"layers":[],"initialState":{"affineTransform":[1,0,0,1,0,0],"masksToBounds":false,"rotation":0,"scale":1,"position":{"pointX":271.244384765625,"pointY":25.00191211700439},"width":378,"sublayerTransform":[1,0,0,0,0,1,0,0,0,0,1,0,0,0,0,1],"contentsRect":{"y":0,"x":0,"width":1,"height":1},"opacity":1,"edgeAntialiasingMask":0,"height":32,"hidden":true,"anchorPoint":{"pointX":0.5,"pointY":0.5}},"texture":"5DB26CB2108135590179EB80D735A3EC"}]}]},"effects":[],"duration":2,"type":"transition","name":"apple:magic-move-implied-motion-path","objectID":"0"}],"automaticPlay":false,"hyperlinks":[],"accessibility":[{"text":"nsconf-avatar.png","targetRectangle":{"y":455.6451721191406,"x":701.7722778320312,"width":42.82273101806641,"height":42.82273101806641}},{"text":"HT5594--maps--en.png","targetRectangle":{"y":160.5815887451172,"x":624.6436157226562,"width":249.5455322265625,"height":434.8368225097656}},{"text":"iBeacons","targetRectangle":{"y":20.95532035827637,"x":8.155138678054819,"width":121.56804,"height":35}},{"text":"Utilizar CoreLocation","targetRectangle":{"y":334.5,"x":123.1171727180481,"width":260.9040000000001,"height":34}},{"text":"Definir regiones de “GPS”","targetRectangle":{"y":368.5,"x":123.1171727180481,"width":323.12,"height":66}},{"text":"micro locations","targetRectangle":{"y":725.17626953125,"x":825.2227699584961,"width":189.336,"height":34}},{"text":"m3681005_iphone5_white_lg.png","targetRectangle":{"y":54.37322998046875,"x":573.9649047851562,"width":389.6539916992188,"height":671.9122314453125}},{"text":"iBeacon + Background","targetRectangle":{"y":17.53282737731934,"x":346.0960152587891,"width":331.808,"height":38}},{"text":"ios_location_lrg.png","targetRectangle":{"y":663.7034301757812,"x":15.41465091705322,"width":86.01426696777344,"height":86.01426696777344}}],"baseLayer":{"animations":[],"initialState":{"affineTransform":[1,0,0,1,0,0],"masksToBounds":true,"rotation":0,"scale":1,"position":{"pointX":512,"pointY":384},"width":1024,"sublayerTransform":[1,0,0,0,0,1,0,0,0,0,1,0,0,0,0,1],"contentsRect":{"y":0,"x":0,"width":1,"height":1},"opacity":1,"edgeAntialiasingMask":0,"height":768,"hidden":false,"anchorPoint":{"pointX":0.5,"pointY":0.5}},"objectID":"0","layers":[{"animations":[],"initialState":{"affineTransform":[1,0,0,1,0,0],"masksToBounds":false,"rotation":0,"scale":1,"position":{"pointX":512,"pointY":384},"width":1024,"sublayerTransform":[1,0,0,0,0,1,0,0,0,0,1,0,0,0,0,1],"contentsRect":{"y":0,"x":0,"width":1,"height":1},"opacity":1,"edgeAntialiasingMask":15,"height":768,"hidden":false,"anchorPoint":{"pointX":0.5,"pointY":0.5}},"layers":[{"animations":[],"initialState":{"affineTransform":[1,0,0,1,0,0],"masksToBounds":false,"rotation":0,"scale":1,"position":{"pointX":512,"pointY":384},"width":1024,"sublayerTransform":[1,0,0,0,0,1,0,0,0,0,1,0,0,0,0,1],"contentsRect":{"y":0,"x":0,"width":1,"height":1},"opacity":1,"edgeAntialiasingMask":15,"height":768,"hidden":false,"anchorPoint":{"pointX":0.5,"pointY":0.5}},"layers":[{"animations":[],"layers":[],"initialState":{"affineTransform":[1,0,0,1,0,0],"masksToBounds":false,"rotation":0,"scale":1,"position":{"pointX":512,"pointY":384},"width":1024,"sublayerTransform":[1,0,0,0,0,1,0,0,0,0,1,0,0,0,0,1],"contentsRect":{"y":0,"x":0,"width":1,"height":1},"opacity":1,"edgeAntialiasingMask":0,"height":768,"hidden":false,"anchorPoint":{"pointX":0.5,"pointY":0.5}},"texture":"DB8451458D98EFA7506DBEBC2B1323F0"}]}]},{"animations":[],"initialState":{"affineTransform":[1,0,0,1,0,0],"masksToBounds":false,"rotation":0,"scale":1,"position":{"pointX":768.7919006347656,"pointY":390.329345703125},"width":389.6539916992188,"sublayerTransform":[1,0,0,0,0,1,0,0,0,0,1,0,0,0,0,1],"contentsRect":{"y":0,"x":0,"width":1,"height":1},"opacity":1,"edgeAntialiasingMask":15,"height":671.9122314453125,"hidden":false,"anchorPoint":{"pointX":0.5,"pointY":0.5}},"layers":[{"animations":[],"layers":[],"initialState":{"affineTransform":[1,0,0,1,0,0],"masksToBounds":false,"rotation":0,"scale":1,"position":{"pointX":194.8269958496094,"pointY":335.9561157226562},"width":393,"sublayerTransform":[1,0,0,0,0,1,0,0,0,0,1,0,0,0,0,1],"contentsRect":{"y":0,"x":0,"width":1,"height":1},"opacity":1,"edgeAntialiasingMask":0,"height":675,"hidden":false,"anchorPoint":{"pointX":0.5007427497067828,"pointY":0.4997471788194445}},"texture":"909364DA4EE5BAA6DCFF98685D70325C"}]},{"animations":[],"initialState":{"affineTransform":[1,0,0,1,0,0],"masksToBounds":false,"rotation":0,"scale":1,"position":{"pointX":302.1171722412109,"pointY":384},"width":420,"sublayerTransform":[1,0,0,0,0,1,0,0,0,0,1,0,0,0,0,1],"contentsRect":{"y":0,"x":0,"width":1,"height":1},"opacity":1,"edgeAntialiasingMask":15,"height":495,"hidden":false,"anchorPoint":{"pointX":0.5,"pointY":0.5}},"layers":[{"animations":[],"layers":[],"initialState":{"affineTransform":[1,0,0,1,0,0],"masksToBounds":false,"rotation":0,"scale":1,"position":{"pointX":147.8828277587891,"pointY":215.5},"width":288,"sublayerTransform":[1,0,0,0,0,1,0,0,0,0,1,0,0,0,0,1],"contentsRect":{"y":0,"x":0,"width":1,"height":1},"opacity":1,"edgeAntialiasingMask":0,"height":26,"hidden":false,"anchorPoint":{"pointX":0.5,"pointY":0.5}},"texture":"0B61FABA66A8738D445548FCD39DA344"}]},{"animations":[],"initialState":{"affineTransform":[1,0,0,1,0,0],"masksToBounds":false,"rotation":0,"scale":1,"position":{"pointX":302.1171722412109,"pointY":384},"width":420,"sublayerTransform":[1,0,0,0,0,1,0,0,0,0,1,0,0,0,0,1],"contentsRect":{"y":0,"x":0,"width":1,"height":1},"opacity":1,"edgeAntialiasingMask":15,"height":495,"hidden":false,"anchorPoint":{"pointX":0.5,"pointY":0.5}},"layers":[{"animations":[],"layers":[],"initialState":{"affineTransform":[1,0,0,1,0,0],"masksToBounds":false,"rotation":0,"scale":1,"position":{"pointX":178.8828277587891,"pointY":284},"width":350,"sublayerTransform":[1,0,0,0,0,1,0,0,0,0,1,0,0,0,0,1],"contentsRect":{"y":0,"x":0,"width":1,"height":1},"opacity":1,"edgeAntialiasingMask":0,"height":31,"hidden":false,"anchorPoint":{"pointX":0.5,"pointY":0.5}},"texture":"B9EA454C4B80B58344CF27D3C4708B70"}]},{"animations":[],"initialState":{"affineTransform":[1,0,0,1,0,0],"masksToBounds":false,"rotation":0,"scale":1,"position":{"pointX":512.0000089406967,"pointY":34.94419205188751},"width":374.9599788188934,"sublayerTransform":[1,0,0,0,0,1,0,0,0,0,1,0,0,0,0,1],"contentsRect":{"y":0,"x":0,"width":1,"height":1},"opacity":1,"edgeAntialiasingMask":15,"height":42.82272934913635,"hidden":false,"anchorPoint":{"pointX":0.5,"pointY":0.5}},"layers":[{"animations":[],"layers":[],"initialState":{"affineTransform":[1,0,0,1,0,0],"masksToBounds":false,"rotation":0,"scale":1,"position":{"pointX":187.4799957275391,"pointY":21.4113655090332},"width":378,"sublayerTransform":[1,0,0,0,0,1,0,0,0,0,1,0,0,0,0,1],"contentsRect":{"y":0,"x":0,"width":1,"height":1},"opacity":1,"edgeAntialiasingMask":0,"height":46,"hidden":false,"anchorPoint":{"pointX":0.5000000403671668,"pointY":0.4987868018772291}},"texture":"AE789286F8AC63C8B6D6980C6DA1BCDB"}]},{"animations":[],"initialState":{"affineTransform":[1,0,0,1,0,0],"masksToBounds":false,"rotation":0,"scale":1,"position":{"pointX":512.0000089406967,"pointY":34.94419205188751},"width":374.9599788188934,"sublayerTransform":[1,0,0,0,0,1,0,0,0,0,1,0,0,0,0,1],"contentsRect":{"y":0,"x":0,"width":1,"height":1},"opacity":1,"edgeAntialiasingMask":15,"height":42.82272934913635,"hidden":false,"anchorPoint":{"pointX":0.5,"pointY":0.5}},"layers":[{"animations":[],"layers":[],"initialState":{"affineTransform":[1,0,0,1,0,0],"masksToBounds":false,"rotation":0,"scale":1,"position":{"pointX":187.47998046875,"pointY":26.46717262268066},"width":330,"sublayerTransform":[1,0,0,0,0,1,0,0,0,0,1,0,0,0,0,1],"contentsRect":{"y":0,"x":0,"width":1,"height":1},"opacity":1,"edgeAntialiasingMask":0,"height":34,"hidden":false,"anchorPoint":{"pointX":0.5,"pointY":0.5}},"texture":"F9E3FCB062157303CEF464189B0C7136"}]},{"animations":[],"initialState":{"affineTransform":[1,0,0,1,0,0],"masksToBounds":false,"rotation":0,"scale":1,"position":{"pointX":512.0000287749499,"pointY":55.35555648803711},"width":1024.847421141094,"sublayerTransform":[1,0,0,0,0,1,0,0,0,0,1,0,0,0,0,1],"contentsRect":{"y":0,"x":0,"width":1,"height":1},"opacity":1,"edgeAntialiasingMask":15,"height":2,"hidden":false,"anchorPoint":{"pointX":0.5,"pointY":0.5}},"layers":[{"animations":[],"layers":[],"initialState":{"affineTransform":[1,0,0,1,0,0],"masksToBounds":false,"rotation":0,"scale":1,"position":{"pointX":512.4237060546875,"pointY":0.9999999999999999},"width":1028,"sublayerTransform":[1,0,0,0,0,1,0,0,0,0,1,0,0,0,0,1],"contentsRect":{"y":0,"x":0,"width":1,"height":1},"opacity":1,"edgeAntialiasingMask":0,"height":5,"hidden":false,"anchorPoint":{"pointX":0.500000023598337,"pointY":0.4711112976074219}},"texture":"FE5A985DBAA7D8C8DAFAA13E29B4AD39"}]},{"animations":[],"initialState":{"affineTransform":[1,0,0,1,0,0],"masksToBounds":false,"rotation":0,"scale":1,"position":{"pointX":68.93915748596191,"pointY":38.36668667197227},"width":133.4970374107361,"sublayerTransform":[1,0,0,0,0,1,0,0,0,0,1,0,0,0,0,1],"contentsRect":{"y":0,"x":0,"width":1,"height":1},"opacity":1,"edgeAntialiasingMask":15,"height":42.82273262739182,"hidden":false,"anchorPoint":{"pointX":0.5,"pointY":0.5}},"layers":[{"animations":[],"layers":[],"initialState":{"affineTransform":[1,0,0,1,0,0],"masksToBounds":false,"rotation":0,"scale":1,"position":{"pointX":68.30936121940613,"pointY":21.54467964172363},"width":123,"sublayerTransform":[1,0,0,0,0,1,0,0,0,0,1,0,0,0,0,1],"contentsRect":{"y":0,"x":0,"width":1,"height":1},"opacity":1,"edgeAntialiasingMask":0,"height":25,"hidden":false,"anchorPoint":{"pointX":0.5,"pointY":0.5}},"texture":"3B5303A1ADA7561EFECC8200CC7F852C"}]},{"animations":[],"initialState":{"affineTransform":[1,0,0,1,0,0],"masksToBounds":false,"rotation":0,"scale":1,"position":{"pointX":919.8907729387283,"pointY":742.5876355618238},"width":221.2560331821442,"sublayerTransform":[1,0,0,0,0,1,0,0,0,0,1,0,0,0,0,1],"contentsRect":{"y":0,"x":0,"width":1,"height":1},"opacity":1,"edgeAntialiasingMask":15,"height":42.82273206114769,"hidden":false,"anchorPoint":{"pointX":0.5,"pointY":0.5}},"layers":[{"animations":[],"layers":[],"initialState":{"affineTransform":[1,0,0,1,0,0],"masksToBounds":false,"rotation":0,"scale":1,"position":{"pointX":111.2372436523438,"pointY":21.82373046875},"width":191,"sublayerTransform":[1,0,0,0,0,1,0,0,0,0,1,0,0,0,0,1],"contentsRect":{"y":0,"x":0,"width":1,"height":1},"opacity":1,"edgeAntialiasingMask":0,"height":24,"hidden":false,"anchorPoint":{"pointX":0.5,"pointY":0.5}},"texture":"2AE82B20225AFE7B9E4AFE624966A395"}]},{"animations":[],"initialState":{"affineTransform":[1,0,0,1,0,0],"masksToBounds":false,"rotation":0,"scale":1,"position":{"pointX":58.42178440093994,"pointY":706.710563659668},"width":86.01426696777344,"sublayerTransform":[1,0,0,0,0,1,0,0,0,0,1,0,0,0,0,1],"contentsRect":{"y":0,"x":0,"width":1,"height":1},"opacity":1,"edgeAntialiasingMask":15,"height":86.01426696777344,"hidden":false,"anchorPoint":{"pointX":0.5,"pointY":0.5}},"layers":[{"animations":[],"layers":[],"initialState":{"affineTransform":[1,0,0,1,0,0],"masksToBounds":false,"rotation":0,"scale":1,"position":{"pointX":43.00713348388672,"pointY":43.00713348388672},"width":89,"sublayerTransform":[1,0,0,0,0,1,0,0,0,0,1,0,0,0,0,1],"contentsRect":{"y":0,"x":0,"width":1,"height":1},"opacity":1,"edgeAntialiasingMask":0,"height":89,"hidden":false,"anchorPoint":{"pointX":0.499121173044269,"pointY":0.5023658838164941}},"texture":"7458444C9002C61F29D4D9EA5F425342"}]},{"animations":[],"initialState":{"affineTransform":[1,0,0,1,0,0],"masksToBounds":false,"rotation":0,"scale":1,"position":{"pointX":723.1836433410645,"pointY":477.0565376281738},"width":42.82273101806641,"sublayerTransform":[1,0,0,0,0,1,0,0,0,0,1,0,0,0,0,1],"contentsRect":{"y":0,"x":0,"width":1,"height":1},"opacity":1,"edgeAntialiasingMask":15,"height":42.82273101806641,"hidden":false,"anchorPoint":{"pointX":0.5,"pointY":0.5}},"layers":[{"animations":[],"layers":[],"initialState":{"affineTransform":[1,0,0,1,0,0],"masksToBounds":false,"rotation":0,"scale":1,"position":{"pointX":21.4113655090332,"pointY":21.4113655090332},"width":46,"sublayerTransform":[1,0,0,0,0,1,0,0,0,0,1,0,0,0,0,1],"contentsRect":{"y":0,"x":0,"width":1,"height":1},"opacity":1,"edgeAntialiasingMask":0,"height":46,"hidden":false,"anchorPoint":{"pointX":0.5039922465448794,"pointY":0.5012290788733441}},"texture":"D977C963A3E2B372A5C8FF8C212AFD26"}]},{"animations":[],"initialState":{"affineTransform":[1,0,0,1,0,0],"masksToBounds":false,"rotation":0,"scale":1,"position":{"pointX":749.4163818359375,"pointY":378},"width":249.5455322265625,"sublayerTransform":[1,0,0,0,0,1,0,0,0,0,1,0,0,0,0,1],"contentsRect":{"y":0,"x":0,"width":1,"height":1},"opacity":0,"edgeAntialiasingMask":15,"height":434.8368225097656,"hidden":false,"anchorPoint":{"pointX":0.5,"pointY":0.5}},"layers":[{"animations":[],"layers":[],"initialState":{"affineTransform":[1,0,0,1,0,0],"masksToBounds":false,"rotation":0,"scale":1,"position":{"pointX":124.7727661132812,"pointY":217.4184112548828},"width":251,"sublayerTransform":[1,0,0,0,0,1,0,0,0,0,1,0,0,0,0,1],"contentsRect":{"y":0,"x":0,"width":1,"height":1},"opacity":1,"edgeAntialiasingMask":0,"height":436,"hidden":false,"anchorPoint":{"pointX":0.4996668599041335,"pointY":0.5}},"texture":"726AFA4853918CD23B349D3C441A6221"}]},{"animations":[],"initialState":{"affineTransform":[1,0,0,1,0,0],"masksToBounds":false,"rotation":0,"scale":1,"position":{"pointX":512.0000052452087,"pointY":38.36668941378593},"width":542.4887800216675,"sublayerTransform":[1,0,0,0,0,1,0,0,0,0,1,0,0,0,0,1],"contentsRect":{"y":0,"x":0,"width":1,"height":1},"opacity":1,"edgeAntialiasingMask":15,"height":50.73720306158066,"hidden":false,"anchorPoint":{"pointX":0.5,"pointY":0.5}},"layers":[{"animations":[],"layers":[],"initialState":{"affineTransform":[1,0,0,1,0,0],"masksToBounds":false,"rotation":0,"scale":1,"position":{"pointX":271.244384765625,"pointY":25.00191211700439},"width":378,"sublayerTransform":[1,0,0,0,0,1,0,0,0,0,1,0,0,0,0,1],"contentsRect":{"y":0,"x":0,"width":1,"height":1},"opacity":1,"edgeAntialiasingMask":0,"height":32,"hidden":true,"anchorPoint":{"pointX":0.5,"pointY":0.5}},"texture":"5DB26CB2108135590179EB80D735A3EC"}]}]}}]}