{"assets":{"6F915E24A9F76E9C2EA0F4746642880B":{"type":"texture","index":151,"assetRequest":{"type":"slide","state":"contents","slide":"B4C61AFB-FC1B-4D9C-8FBA-2C2D8D0F34DD"},"url":"assets/6F915E24A9F76E9C2EA0F4746642880B.svg","width":302,"height":38},"F33D957FD5D753FC259723239CDC016C":{"type":"texture","index":157,"assetRequest":{"type":"slide","state":"text","slide":"B4C61AFB-FC1B-4D9C-8FBA-2C2D8D0F34DD"},"url":"assets/F33D957FD5D753FC259723239CDC016C.svg","width":272,"height":31},"DB8451458D98EFA7506DBEBC2B1323F0":{"type":"texture","index":146,"assetRequest":{"type":"slide","state":"contents","slide":"B4C61AFB-FC1B-4D9C-8FBA-2C2D8D0F34DD"},"url":"assets/DB8451458D98EFA7506DBEBC2B1323F0.svg","width":1024,"height":768},"F341E94C25F5E65AD61671DAC439184A":{"type":"texture","index":154,"assetRequest":{"type":"slide","state":"text","slide":"B4C61AFB-FC1B-4D9C-8FBA-2C2D8D0F34DD"},"url":"assets/F341E94C25F5E65AD61671DAC439184A.svg","width":289,"height":31},"6D0B00C5036DE03586D87C3E1EC7C03E":{"type":"texture","index":155,"assetRequest":{"type":"slide","state":"text","slide":"B4C61AFB-FC1B-4D9C-8FBA-2C2D8D0F34DD"},"url":"assets/6D0B00C5036DE03586D87C3E1EC7C03E.svg","width":189,"height":30},"7049126954C6A58C43338A47CF24C2CB":{"type":"texture","index":159,"assetRequest":{"type":"slide","state":"text","slide":"B4C61AFB-FC1B-4D9C-8FBA-2C2D8D0F34DD"},"url":"assets/7049126954C6A58C43338A47CF24C2CB.svg","width":330,"height":26},"82EA4A3CC4016760BD8BEEB66C009E4C":{"type":"texture","index":156,"assetRequest":{"type":"slide","state":"text","slide":"B4C61AFB-FC1B-4D9C-8FBA-2C2D8D0F34DD"},"url":"assets/82EA4A3CC4016760BD8BEEB66C009E4C.svg","width":269,"height":30},"6B319CBBBB5D6ACAE3C6DBE61685A5A2":{"type":"texture","index":158,"assetRequest":{"type":"slide","state":"text","slide":"B4C61AFB-FC1B-4D9C-8FBA-2C2D8D0F34DD"},"url":"assets/6B319CBBBB5D6ACAE3C6DBE61685A5A2.svg","width":392,"height":31},"868718411C45D90FFB145741AD827C8B":{"type":"texture","index":147,"assetRequest":{"type":"slide","state":"contents","slide":"B4C61AFB-FC1B-4D9C-8FBA-2C2D8D0F34DD"},"url":"assets/868718411C45D90FFB145741AD827C8B.svg","width":928,"height":173},"FE5A985DBAA7D8C8DAFAA13E29B4AD39":{"type":"texture","index":150,"assetRequest":{"type":"slide","state":"contents","slide":"B4C61AFB-FC1B-4D9C-8FBA-2C2D8D0F34DD"},"url":"assets/FE5A985DBAA7D8C8DAFAA13E29B4AD39.svg","width":1028,"height":5},"925FE4BD9746506949C1EC1F4617DACE":{"type":"texture","index":153,"assetRequest":{"type":"slide","state":"text","slide":"B4C61AFB-FC1B-4D9C-8FBA-2C2D8D0F34DD"},"url":"assets/925FE4BD9746506949C1EC1F4617DACE.svg","width":242,"height":30},"3B5303A1ADA7561EFECC8200CC7F852C":{"type":"texture","index":148,"assetRequest":{"type":"slide","state":"contents","slide":"B4C61AFB-FC1B-4D9C-8FBA-2C2D8D0F34DD"},"url":"assets/3B5303A1ADA7561EFECC8200CC7F852C.svg","width":123,"height":25},"C352E1707DFDF047A5BBF8E7BA8DD551":{"type":"texture","index":152,"assetRequest":{"type":"slide","state":"contents","slide":"B4C61AFB-FC1B-4D9C-8FBA-2C2D8D0F34DD"},"url":"assets/C352E1707DFDF047A5BBF8E7BA8DD551.svg","width":121,"height":95},"8985CB306A7F84F929F1D511AB2CBED7":{"type":"texture","index":160,"assetRequest":{"type":"slide","state":"text","slide":"B4C61AFB-FC1B-4D9C-8FBA-2C2D8D0F34DD"},"url":"assets/8985CB306A7F84F929F1D511AB2CBED7.svg","width":413,"height":39},"2AE82B20225AFE7B9E4AFE624966A395":{"type":"texture","index":149,"assetRequest":{"type":"slide","state":"contents","slide":"B4C61AFB-FC1B-4D9C-8FBA-2C2D8D0F34DD"},"url":"assets/2AE82B20225AFE7B9E4AFE624966A395.svg","width":191,"height":24}},"events":[{"effects":[{"beginTime":0,"baseLayer":{"animations":[],"initialState":{"affineTransform":[1,0,0,1,0,0],"masksToBounds":false,"rotation":0,"scale":1,"position":{"pointX":512,"pointY":384},"width":924.4453125,"sublayerTransform":[1,0,0,0,0,1,0,0,0,0,1,0,0,0,0,1],"contentsRect":{"y":0,"x":0,"width":1,"height":1},"opacity":1,"edgeAntialiasingMask":15,"height":170,"hidden":false,"anchorPoint":{"pointX":0.5,"pointY":0.5}},"objectID":"F6ABDEE3-8583-4E01-A13A-2D5315DD7AE0","layers":[{"animations":[],"initialState":{"affineTransform":[1,0,0,1,0,0],"masksToBounds":false,"rotation":0,"scale":1,"position":{"pointX":462.22265625,"pointY":85},"width":924.4453125,"sublayerTransform":[1,0,0,0,0,1,0,0,0,0,1,-0.0004922987690640373,0,0,0,1],"contentsRect":{"y":0,"x":0,"width":1,"height":1},"opacity":1,"edgeAntialiasingMask":15,"height":170,"hidden":false,"anchorPoint":{"pointX":0.5,"pointY":0.5}},"layers":[{"animations":[{"repeatCount":0,"animations":[{"repeatCount":0,"timingControlPoint2y":1,"from":{"scalar":0},"timingFunction":"custom","timingControlPoint1x":0.3943220674991608,"property":"opacity","fillMode":"both","duration":0.52,"beginTime":0,"timingControlPoint2x":0.7070766687393188,"timingControlPoint1y":0.4715255498886108,"to":{"scalar":1}},{"from":{"scalar":-464},"beginTime":0,"repeatCount":0,"fillMode":"removed","property":"anchorPointZ","duration":1,"to":{"scalar":-464}},{"from":{"scalar":-464},"beginTime":0,"repeatCount":0,"fillMode":"removed","property":"zPosition","duration":1,"to":{"scalar":-464}},{"from":{"scalar":false},"beginTime":0,"repeatCount":0,"fillMode":"removed","property":"doubleSided","duration":1,"to":{"scalar":false}},{"from":{"scalar":false},"beginTime":0,"repeatCount":0,"fillMode":"both","property":"hidden","duration":1,"to":{"scalar":false}},{"timingFunctions":[{"timingFunction":"custom","timingControlPoint1y":0.4715255498886108,"timingControlPoint2x":0.7070766687393188,"timingControlPoint1x":0.3943220674991608,"timingControlPoint2y":1},{"timingFunction":"custom","timingControlPoint1y":0,"timingControlPoint2x":0.6924436092376709,"timingControlPoint1x":0.3015185594558716,"timingControlPoint2y":1},{"timingFunction":"custom","timingControlPoint1y":0,"timingControlPoint2x":0.6113315224647522,"timingControlPoint1x":0.2856428921222687,"timingControlPoint2y":1}],"values":[{"scalar":-1.570796326794897},{"scalar":0.12375},{"scalar":-0.05},{"scalar":-0}],"beginTime":0,"repeatCount":0,"keyTimes":[0,0.52,0.76,1],"property":"transform.rotation.y","fillMode":"removed","duration":1}],"beginTime":1e-100,"fillMode":"both","duration":1}],"layers":[],"initialState":{"affineTransform":[1,0,0,1,0,0],"masksToBounds":false,"rotation":0,"scale":1,"position":{"pointX":462.22265625,"pointY":85.5},"width":928,"sublayerTransform":[1,0,0,0,0,1,0,0,0,0,1,0,0,0,0,1],"contentsRect":{"y":0,"x":0,"width":1,"height":1},"opacity":1,"edgeAntialiasingMask":0,"height":173,"hidden":true,"anchorPoint":{"pointX":0.5,"pointY":0.5}},"texture":"868718411C45D90FFB145741AD827C8B"}]}]},"effects":[],"duration":1,"type":"buildIn","name":"apple:3D-cube","objectID":"F6ABDEE3-8583-4E01-A13A-2D5315DD7AE0"}],"automaticPlay":true,"hyperlinks":[],"accessibility":[{"text":"Major","targetRectangle":{"y":338,"x":545.5,"width":65,"height":31}},{"text":"number","targetRectangle":{"y":369,"x":533.215,"width":89.56999999999994,"height":31}},{"text":"(2 bytes)","targetRectangle":{"y":400,"x":526.715,"width":102.5699999999999,"height":31}},{"text":"iBeacons","targetRectangle":{"y":20.95532035827637,"x":8.155138678054819,"width":121.56804,"height":35}},{"text":"PDU para iBeacon","targetRectangle":{"y":16.99808788299561,"x":359.90968,"width":304.18064,"height":43}},{"text":"UUID","targetRectangle":{"y":353,"x":392.228,"width":63.54399999999998,"height":31}},{"text":"(16 bytes)","targetRectangle":{"y":384,"x":365.487,"width":117.026,"height":31}},{"text":"iOS7-logo.png","targetRectangle":{"y":664.7026977539062,"x":36.82355499267578,"width":92.14490509033203,"height":88.53137969970703}},{"text":"micro locations","targetRectangle":{"y":725.17626953125,"x":825.2227699584961,"width":189.336,"height":34}},{"text":"XcodeLogo.png","targetRectangle":{"y":703.7194671630859,"x":8.909856796264648,"width":56.39759063720703,"height":55.2127685546875}},{"text":"Apple iBeacon Prefix","targetRectangle":{"y":355,"x":78.59503125000003,"width":243.7239999999999,"height":31}},{"text":"(0x0201061AFF4C000215)","targetRectangle":{"y":386,"x":62.37653124999997,"width":276.1610000000001,"height":28}},{"text":"TX Power","targetRectangle":{"y":338,"x":833.101,"width":109.798,"height":31}},{"text":"dB","targetRectangle":{"y":369,"x":871.386,"width":33.22800000000007,"height":31}},{"text":"(1 byte)","targetRectangle":{"y":400,"x":843.215,"width":89.56999999999994,"height":31}},{"text":"Minor","targetRectangle":{"y":338,"x":700.5,"width":65,"height":31}},{"text":"number","targetRectangle":{"y":369,"x":688.215,"width":89.56999999999994,"height":31}},{"text":"(2 bytes)","targetRectangle":{"y":400,"x":681.715,"width":102.5699999999999,"height":31}}],"baseLayer":{"animations":[],"initialState":{"affineTransform":[1,0,0,1,0,0],"masksToBounds":true,"rotation":0,"scale":1,"position":{"pointX":512,"pointY":384},"width":1024,"sublayerTransform":[1,0,0,0,0,1,0,0,0,0,1,0,0,0,0,1],"contentsRect":{"y":0,"x":0,"width":1,"height":1},"opacity":1,"edgeAntialiasingMask":0,"height":768,"hidden":false,"anchorPoint":{"pointX":0.5,"pointY":0.5}},"layers":[{"animations":[],"initialState":{"affineTransform":[1,0,0,1,0,0],"masksToBounds":false,"rotation":0,"scale":1,"position":{"pointX":512,"pointY":384},"width":1024,"sublayerTransform":[1,0,0,0,0,1,0,0,0,0,1,0,0,0,0,1],"contentsRect":{"y":0,"x":0,"width":1,"height":1},"opacity":1,"edgeAntialiasingMask":15,"height":768,"hidden":false,"anchorPoint":{"pointX":0.5,"pointY":0.5}},"layers":[{"animations":[],"initialState":{"affineTransform":[1,0,0,1,0,0],"masksToBounds":false,"rotation":0,"scale":1,"position":{"pointX":512,"pointY":384},"width":1024,"sublayerTransform":[1,0,0,0,0,1,0,0,0,0,1,0,0,0,0,1],"contentsRect":{"y":0,"x":0,"width":1,"height":1},"opacity":1,"edgeAntialiasingMask":15,"height":768,"hidden":false,"anchorPoint":{"pointX":0.5,"pointY":0.5}},"layers":[{"animations":[],"layers":[],"initialState":{"affineTransform":[1,0,0,1,0,0],"masksToBounds":false,"rotation":0,"scale":1,"position":{"pointX":512,"pointY":384},"width":1024,"sublayerTransform":[1,0,0,0,0,1,0,0,0,0,1,0,0,0,0,1],"contentsRect":{"y":0,"x":0,"width":1,"height":1},"opacity":1,"edgeAntialiasingMask":0,"height":768,"hidden":false,"anchorPoint":{"pointX":0.5,"pointY":0.5}},"texture":"DB8451458D98EFA7506DBEBC2B1323F0"}]}]},{"animations":[],"initialState":{"affineTransform":[1,0,0,1,0,0],"masksToBounds":false,"rotation":0,"scale":1,"position":{"pointX":512,"pointY":384},"width":1024,"sublayerTransform":[1,0,0,0,0,1,0,0,0,0,1,0,0,0,0,1],"contentsRect":{"y":0,"x":0,"width":1,"height":1},"opacity":1,"edgeAntialiasingMask":15,"height":768,"hidden":false,"anchorPoint":{"pointX":0.5,"pointY":0.5}},"layers":[{"animations":[],"initialState":{"affineTransform":[1,0,0,1,0,0],"masksToBounds":false,"rotation":0,"scale":1,"position":{"pointX":512,"pointY":384},"width":924.4453125,"sublayerTransform":[1,0,0,0,0,1,0,0,0,0,1,0,0,0,0,1],"contentsRect":{"y":0,"x":0,"width":1,"height":1},"opacity":1,"edgeAntialiasingMask":15,"height":170,"hidden":false,"anchorPoint":{"pointX":0.5,"pointY":0.5}},"objectID":"F6ABDEE3-8583-4E01-A13A-2D5315DD7AE0","layers":[{"animations":[],"layers":[],"initialState":{"affineTransform":[1,0,0,1,0,0],"masksToBounds":false,"rotation":0,"scale":1,"position":{"pointX":462.22265625,"pointY":85.5},"width":928,"sublayerTransform":[1,0,0,0,0,1,0,0,0,0,1,0,0,0,0,1],"contentsRect":{"y":0,"x":0,"width":1,"height":1},"opacity":1,"edgeAntialiasingMask":0,"height":173,"hidden":true,"anchorPoint":{"pointX":0.5,"pointY":0.5}},"texture":"868718411C45D90FFB145741AD827C8B"}]}]},{"animations":[],"initialState":{"affineTransform":[1,0,0,1,0,0],"masksToBounds":false,"rotation":0,"scale":1,"position":{"pointX":512,"pointY":384},"width":1024,"sublayerTransform":[1,0,0,0,0,1,0,0,0,0,1,0,0,0,0,1],"contentsRect":{"y":0,"x":0,"width":1,"height":1},"opacity":1,"edgeAntialiasingMask":15,"height":768,"hidden":false,"anchorPoint":{"pointX":0.5,"pointY":0.5}},"layers":[{"animations":[],"initialState":{"affineTransform":[1,0,0,1,0,0],"masksToBounds":false,"rotation":0,"scale":1,"position":{"pointX":68.93915748596191,"pointY":38.36668667197227},"width":133.4970374107361,"sublayerTransform":[1,0,0,0,0,1,0,0,0,0,1,0,0,0,0,1],"contentsRect":{"y":0,"x":0,"width":1,"height":1},"opacity":1,"edgeAntialiasingMask":15,"height":42.82273262739182,"hidden":false,"anchorPoint":{"pointX":0.5,"pointY":0.5}},"objectID":"6239FF72-90A5-4751-8F2D-72C65456111C","layers":[{"animations":[],"layers":[],"initialState":{"affineTransform":[1,0,0,1,0,0],"masksToBounds":false,"rotation":0,"scale":1,"position":{"pointX":68.30936121940613,"pointY":21.54467964172363},"width":123,"sublayerTransform":[1,0,0,0,0,1,0,0,0,0,1,0,0,0,0,1],"contentsRect":{"y":0,"x":0,"width":1,"height":1},"opacity":1,"edgeAntialiasingMask":0,"height":25,"hidden":false,"anchorPoint":{"pointX":0.5,"pointY":0.5}},"texture":"3B5303A1ADA7561EFECC8200CC7F852C"}]}]},{"animations":[],"initialState":{"affineTransform":[1,0,0,1,0,0],"masksToBounds":false,"rotation":0,"scale":1,"position":{"pointX":512,"pointY":384},"width":1024,"sublayerTransform":[1,0,0,0,0,1,0,0,0,0,1,0,0,0,0,1],"contentsRect":{"y":0,"x":0,"width":1,"height":1},"opacity":1,"edgeAntialiasingMask":15,"height":768,"hidden":false,"anchorPoint":{"pointX":0.5,"pointY":0.5}},"layers":[{"animations":[],"initialState":{"affineTransform":[1,0,0,1,0,0],"masksToBounds":false,"rotation":0,"scale":1,"position":{"pointX":919.8907729387283,"pointY":742.5876355618238},"width":221.2560331821442,"sublayerTransform":[1,0,0,0,0,1,0,0,0,0,1,0,0,0,0,1],"contentsRect":{"y":0,"x":0,"width":1,"height":1},"opacity":1,"edgeAntialiasingMask":15,"height":42.82273206114769,"hidden":false,"anchorPoint":{"pointX":0.5,"pointY":0.5}},"objectID":"C3986E37-BFA5-42DD-B255-64F1388EFF37","layers":[{"animations":[],"layers":[],"initialState":{"affineTransform":[1,0,0,1,0,0],"masksToBounds":false,"rotation":0,"scale":1,"position":{"pointX":111.2372436523438,"pointY":21.82373046875},"width":191,"sublayerTransform":[1,0,0,0,0,1,0,0,0,0,1,0,0,0,0,1],"contentsRect":{"y":0,"x":0,"width":1,"height":1},"opacity":1,"edgeAntialiasingMask":0,"height":24,"hidden":false,"anchorPoint":{"pointX":0.5,"pointY":0.5}},"texture":"2AE82B20225AFE7B9E4AFE624966A395"}]}]},{"animations":[],"initialState":{"affineTransform":[1,0,0,1,0,0],"masksToBounds":false,"rotation":0,"scale":1,"position":{"pointX":512,"pointY":384},"width":1024,"sublayerTransform":[1,0,0,0,0,1,0,0,0,0,1,0,0,0,0,1],"contentsRect":{"y":0,"x":0,"width":1,"height":1},"opacity":1,"edgeAntialiasingMask":15,"height":768,"hidden":false,"anchorPoint":{"pointX":0.5,"pointY":0.5}},"layers":[{"animations":[],"initialState":{"affineTransform":[1,0,0,1,0,0],"masksToBounds":false,"rotation":0,"scale":1,"position":{"pointX":512.0000287749499,"pointY":55.35555648803711},"width":1024.847421141094,"sublayerTransform":[1,0,0,0,0,1,0,0,0,0,1,0,0,0,0,1],"contentsRect":{"y":0,"x":0,"width":1,"height":1},"opacity":1,"edgeAntialiasingMask":15,"height":2.000000000000341,"hidden":false,"anchorPoint":{"pointX":0.5,"pointY":0.5}},"objectID":"B2CA2511-46B3-4D58-8584-AFFD753C52C6","layers":[{"animations":[],"layers":[],"initialState":{"affineTransform":[1,0,0,1,0,0],"masksToBounds":false,"rotation":0,"scale":1,"position":{"pointX":512.4236817955971,"pointY":1.144443511963061},"width":1028,"sublayerTransform":[1,0,0,0,0,1,0,0,0,0,1,0,0,0,0,1],"contentsRect":{"y":0,"x":0,"width":1,"height":1},"opacity":1,"edgeAntialiasingMask":0,"height":5,"hidden":false,"anchorPoint":{"pointX":0.5,"pointY":0.5}},"texture":"FE5A985DBAA7D8C8DAFAA13E29B4AD39"}]}]},{"animations":[],"initialState":{"affineTransform":[1,0,0,1,0,0],"masksToBounds":false,"rotation":0,"scale":1,"position":{"pointX":512,"pointY":384},"width":1024,"sublayerTransform":[1,0,0,0,0,1,0,0,0,0,1,0,0,0,0,1],"contentsRect":{"y":0,"x":0,"width":1,"height":1},"opacity":1,"edgeAntialiasingMask":15,"height":768,"hidden":false,"anchorPoint":{"pointX":0.5,"pointY":0.5}},"layers":[{"animations":[],"initialState":{"affineTransform":[1,0,0,1,0,0],"masksToBounds":false,"rotation":0,"scale":1,"position":{"pointX":512.0000052452087,"pointY":38.36668941378593},"width":542.4887800216675,"sublayerTransform":[1,0,0,0,0,1,0,0,0,0,1,0,0,0,0,1],"contentsRect":{"y":0,"x":0,"width":1,"height":1},"opacity":1,"edgeAntialiasingMask":15,"height":50.73720306158066,"hidden":false,"anchorPoint":{"pointX":0.5,"pointY":0.5}},"objectID":"8E234A63-721F-4EDD-A2A0-1C3AA82F14D2","layers":[{"animations":[],"layers":[],"initialState":{"affineTransform":[1,0,0,1,0,0],"masksToBounds":false,"rotation":0,"scale":1,"position":{"pointX":271.244384765625,"pointY":29.00191211700439},"width":302,"sublayerTransform":[1,0,0,0,0,1,0,0,0,0,1,0,0,0,0,1],"contentsRect":{"y":0,"x":0,"width":1,"height":1},"opacity":1,"edgeAntialiasingMask":0,"height":38,"hidden":false,"anchorPoint":{"pointX":0.5,"pointY":0.5}},"texture":"6F915E24A9F76E9C2EA0F4746642880B"}]}]},{"animations":[],"initialState":{"affineTransform":[1,0,0,1,0,0],"masksToBounds":false,"rotation":0,"scale":1,"position":{"pointX":512,"pointY":384},"width":1024,"sublayerTransform":[1,0,0,0,0,1,0,0,0,0,1,0,0,0,0,1],"contentsRect":{"y":0,"x":0,"width":1,"height":1},"opacity":1,"edgeAntialiasingMask":15,"height":768,"hidden":false,"anchorPoint":{"pointX":0.5,"pointY":0.5}},"layers":[{"animations":[],"initialState":{"affineTransform":[1,0,0,1,0,0],"masksToBounds":false,"rotation":0,"scale":1,"position":{"pointX":68.93915748596191,"pointY":711.8174667358398},"width":120.0586013793945,"sublayerTransform":[1,0,0,0,0,1,0,0,0,0,1,0,0,0,0,1],"contentsRect":{"y":0,"x":0,"width":1,"height":1},"opacity":1,"edgeAntialiasingMask":15,"height":94.22953796386719,"hidden":false,"anchorPoint":{"pointX":0.5,"pointY":0.5}},"objectID":"4217F8C3-7339-4C24-8555-F087F67643AA","layers":[{"animations":[],"layers":[],"initialState":{"affineTransform":[1,0,0,1,0,0],"masksToBounds":false,"rotation":0,"scale":1,"position":{"pointX":59.59014320373535,"pointY":46.79730224609375},"width":121,"sublayerTransform":[1,0,0,0,0,1,0,0,0,0,1,0,0,0,0,1],"contentsRect":{"y":0,"x":0,"width":1,"height":1},"opacity":1,"edgeAntialiasingMask":0,"height":95,"hidden":false,"anchorPoint":{"pointX":0.5,"pointY":0.5}},"texture":"C352E1707DFDF047A5BBF8E7BA8DD551"}]}]}]}},{"effects":[{"beginTime":0,"baseLayer":{"animations":[],"initialState":{"affineTransform":[1,0,0,1,0,0],"masksToBounds":true,"rotation":0,"scale":1,"position":{"pointX":512,"pointY":384},"width":1024,"sublayerTransform":[1,0,0,0,0,1,0,0,0,0,1,0,0,0,0,1],"contentsRect":{"y":0,"x":0,"width":1,"height":1},"opacity":1,"edgeAntialiasingMask":0,"height":768,"hidden":false,"anchorPoint":{"pointX":0.5,"pointY":0.5}},"objectID":"0","layers":[{"animations":[],"initialState":{"affineTransform":[1,0,0,1,0,0],"masksToBounds":false,"rotation":0,"scale":1,"position":{"pointX":512,"pointY":384},"width":1024,"sublayerTransform":[1,0,0,0,0,1,0,0,0,0,1,0,0,0,0,1],"contentsRect":{"y":0,"x":0,"width":1,"height":1},"opacity":1,"edgeAntialiasingMask":15,"height":768,"hidden":false,"anchorPoint":{"pointX":0.5,"pointY":0.5}},"layers":[{"animations":[{"repeatCount":0,"animations":[{"from":{"scalar":0},"beginTime":0,"repeatCount":0,"fillMode":"both","property":"zPosition","duration":2,"timingFunction":"easeInEaseOut","to":{"scalar":0}}],"beginTime":0,"fillMode":"both","duration":2}],"initialState":{"affineTransform":[1,0,0,1,0,0],"masksToBounds":false,"rotation":0,"scale":1,"position":{"pointX":512,"pointY":384},"width":1024,"sublayerTransform":[1,0,0,0,0,1,0,0,0,0,1,0,0,0,0,1],"contentsRect":{"y":0,"x":0,"width":1,"height":1},"opacity":1,"edgeAntialiasingMask":15,"height":768,"hidden":false,"anchorPoint":{"pointX":0.5,"pointY":0.5}},"layers":[{"animations":[],"layers":[],"initialState":{"affineTransform":[1,0,0,1,0,0],"masksToBounds":false,"rotation":0,"scale":1,"position":{"pointX":512,"pointY":384},"width":1024,"sublayerTransform":[1,0,0,0,0,1,0,0,0,0,1,0,0,0,0,1],"contentsRect":{"y":0,"x":0,"width":1,"height":1},"opacity":1,"edgeAntialiasingMask":0,"height":768,"hidden":false,"anchorPoint":{"pointX":0.5,"pointY":0.5}},"texture":"DB8451458D98EFA7506DBEBC2B1323F0"}]}]},{"animations":[{"repeatCount":0,"animations":[{"from":{"scalar":1},"beginTime":0,"repeatCount":0,"fillMode":"both","property":"zPosition","duration":2,"timingFunction":"easeInEaseOut","to":{"scalar":1}}],"beginTime":0,"fillMode":"both","duration":2}],"initialState":{"affineTransform":[1,0,0,1,0,0],"masksToBounds":false,"rotation":0,"scale":1,"position":{"pointX":512,"pointY":384},"width":924.4453125,"sublayerTransform":[1,0,0,0,0,1,0,0,0,0,1,0,0,0,0,1],"contentsRect":{"y":0,"x":0,"width":1,"height":1},"opacity":1,"edgeAntialiasingMask":15,"height":170,"hidden":false,"anchorPoint":{"pointX":0.5,"pointY":0.5}},"layers":[{"animations":[{"repeatCount":0,"animations":[{"from":{"scalar":1},"beginTime":0,"repeatCount":0,"fillMode":"forwards","property":"opacity","duration":0.6666,"timingFunction":"easeInEaseOut","to":{"scalar":0}},{"from":{"scalar":true},"beginTime":0.6666,"repeatCount":0,"fillMode":"forwards","property":"hidden","duration":1.3334,"to":{"scalar":true}}],"beginTime":0,"fillMode":"both","duration":2}],"layers":[],"initialState":{"affineTransform":[1,0,0,1,0,0],"masksToBounds":false,"rotation":0,"scale":1,"position":{"pointX":462.22265625,"pointY":85},"width":928,"sublayerTransform":[1,0,0,0,0,1,0,0,0,0,1,0,0,0,0,1],"contentsRect":{"y":0,"x":0,"width":1,"height":1},"opacity":1,"edgeAntialiasingMask":0,"height":173,"hidden":false,"anchorPoint":{"pointX":0.5,"pointY":0.4971098265895953}},"texture":"868718411C45D90FFB145741AD827C8B"}]},{"animations":[{"repeatCount":0,"animations":[{"from":{"scalar":2},"beginTime":0,"repeatCount":0,"fillMode":"both","property":"zPosition","duration":2,"timingFunction":"easeInEaseOut","to":{"scalar":2}}],"beginTime":0,"fillMode":"both","duration":2}],"initialState":{"affineTransform":[1,0,0,1,0,0],"masksToBounds":false,"rotation":0,"scale":1,"position":{"pointX":284.9999752044678,"pointY":384.0000057220459},"width":419.9999809265137,"sublayerTransform":[1,0,0,0,0,1,0,0,0,0,1,0,0,0,0,1],"contentsRect":{"y":0,"x":0,"width":1,"height":1},"opacity":1,"edgeAntialiasingMask":15,"height":494.9999809265137,"hidden":false,"anchorPoint":{"pointX":0.5,"pointY":0.5}},"layers":[{"animations":[{"repeatCount":0,"animations":[{"from":{"scalar":0},"beginTime":1.3334,"repeatCount":0,"fillMode":"both","property":"opacity","duration":0.6666,"timingFunction":"easeInEaseOut","to":{"scalar":1}},{"from":{"scalar":false},"beginTime":1.3334,"repeatCount":0,"fillMode":"forwards","property":"hidden","duration":0.6665999999999999,"to":{"scalar":false}}],"beginTime":0,"fillMode":"both","duration":2}],"layers":[],"initialState":{"affineTransform":[1,0,0,1,0,0],"masksToBounds":false,"rotation":0,"scale":1,"position":{"pointX":124.0000152587891,"pointY":135.4999847412109},"width":242,"sublayerTransform":[1,0,0,0,0,1,0,0,0,0,1,0,0,0,0,1],"contentsRect":{"y":0,"x":0,"width":1,"height":1},"opacity":1,"edgeAntialiasingMask":0,"height":30,"hidden":true,"anchorPoint":{"pointX":0.5,"pointY":0.5}},"texture":"925FE4BD9746506949C1EC1F4617DACE"}]},{"animations":[{"repeatCount":0,"animations":[{"from":{"scalar":3},"beginTime":0,"repeatCount":0,"fillMode":"both","property":"zPosition","duration":2,"timingFunction":"easeInEaseOut","to":{"scalar":3}}],"beginTime":0,"fillMode":"both","duration":2}],"initialState":{"affineTransform":[1,0,0,1,0,0],"masksToBounds":false,"rotation":0,"scale":1,"position":{"pointX":284.9999752044678,"pointY":384.0000057220459},"width":419.9999809265137,"sublayerTransform":[1,0,0,0,0,1,0,0,0,0,1,0,0,0,0,1],"contentsRect":{"y":0,"x":0,"width":1,"height":1},"opacity":1,"edgeAntialiasingMask":15,"height":494.9999809265137,"hidden":false,"anchorPoint":{"pointX":0.5,"pointY":0.5}},"layers":[{"animations":[{"repeatCount":0,"animations":[{"from":{"scalar":0},"beginTime":1.3334,"repeatCount":0,"fillMode":"both","property":"opacity","duration":0.6666,"timingFunction":"easeInEaseOut","to":{"scalar":1}},{"from":{"scalar":false},"beginTime":1.3334,"repeatCount":0,"fillMode":"forwards","property":"hidden","duration":0.6665999999999999,"to":{"scalar":false}}],"beginTime":0,"fillMode":"both","duration":2}],"layers":[],"initialState":{"affineTransform":[1,0,0,1,0,0],"masksToBounds":false,"rotation":0,"scale":1,"position":{"pointX":147.5000152587891,"pointY":68.99998474121094},"width":289,"sublayerTransform":[1,0,0,0,0,1,0,0,0,0,1,0,0,0,0,1],"contentsRect":{"y":0,"x":0,"width":1,"height":1},"opacity":1,"edgeAntialiasingMask":0,"height":31,"hidden":true,"anchorPoint":{"pointX":0.5,"pointY":0.5}},"texture":"F341E94C25F5E65AD61671DAC439184A"}]},{"animations":[{"repeatCount":0,"animations":[{"from":{"scalar":4},"beginTime":0,"repeatCount":0,"fillMode":"both","property":"zPosition","duration":2,"timingFunction":"easeInEaseOut","to":{"scalar":4}}],"beginTime":0,"fillMode":"both","duration":2}],"initialState":{"affineTransform":[1,0,0,1,0,0],"masksToBounds":false,"rotation":0,"scale":1,"position":{"pointX":284.9999752044678,"pointY":384.0000057220459},"width":419.9999809265137,"sublayerTransform":[1,0,0,0,0,1,0,0,0,0,1,0,0,0,0,1],"contentsRect":{"y":0,"x":0,"width":1,"height":1},"opacity":1,"edgeAntialiasingMask":15,"height":494.9999809265137,"hidden":false,"anchorPoint":{"pointX":0.5,"pointY":0.5}},"layers":[{"animations":[{"repeatCount":0,"animations":[{"from":{"scalar":0},"beginTime":1.3334,"repeatCount":0,"fillMode":"both","property":"opacity","duration":0.6666,"timingFunction":"easeInEaseOut","to":{"scalar":1}},{"from":{"scalar":false},"beginTime":1.3334,"repeatCount":0,"fillMode":"forwards","property":"hidden","duration":0.6665999999999999,"to":{"scalar":false}}],"beginTime":0,"fillMode":"both","duration":2}],"layers":[],"initialState":{"affineTransform":[1,0,0,1,0,0],"masksToBounds":false,"rotation":0,"scale":1,"position":{"pointX":123.5000152587891,"pointY":367.4999847412109},"width":189,"sublayerTransform":[1,0,0,0,0,1,0,0,0,0,1,0,0,0,0,1],"contentsRect":{"y":0,"x":0,"width":1,"height":1},"opacity":1,"edgeAntialiasingMask":0,"height":30,"hidden":true,"anchorPoint":{"pointX":0.5,"pointY":0.5}},"texture":"6D0B00C5036DE03586D87C3E1EC7C03E"}]},{"animations":[{"repeatCount":0,"animations":[{"from":{"scalar":5},"beginTime":0,"repeatCount":0,"fillMode":"both","property":"zPosition","duration":2,"timingFunction":"easeInEaseOut","to":{"scalar":5}}],"beginTime":0,"fillMode":"both","duration":2}],"initialState":{"affineTransform":[1,0,0,1,0,0],"masksToBounds":false,"rotation":0,"scale":1,"position":{"pointX":284.9999752044678,"pointY":384.0000057220459},"width":419.9999809265137,"sublayerTransform":[1,0,0,0,0,1,0,0,0,0,1,0,0,0,0,1],"contentsRect":{"y":0,"x":0,"width":1,"height":1},"opacity":1,"edgeAntialiasingMask":15,"height":494.9999809265137,"hidden":false,"anchorPoint":{"pointX":0.5,"pointY":0.5}},"layers":[{"animations":[{"repeatCount":0,"animations":[{"from":{"scalar":0},"beginTime":1.3334,"repeatCount":0,"fillMode":"both","property":"opacity","duration":0.6666,"timingFunction":"easeInEaseOut","to":{"scalar":1}},{"from":{"scalar":false},"beginTime":1.3334,"repeatCount":0,"fillMode":"forwards","property":"hidden","duration":0.6665999999999999,"to":{"scalar":false}}],"beginTime":0,"fillMode":"both","duration":2}],"layers":[],"initialState":{"affineTransform":[1,0,0,1,0,0],"masksToBounds":false,"rotation":0,"scale":1,"position":{"pointX":137.5000152587891,"pointY":267.4999847412109},"width":269,"sublayerTransform":[1,0,0,0,0,1,0,0,0,0,1,0,0,0,0,1],"contentsRect":{"y":0,"x":0,"width":1,"height":1},"opacity":1,"edgeAntialiasingMask":0,"height":30,"hidden":true,"anchorPoint":{"pointX":0.5,"pointY":0.5}},"texture":"82EA4A3CC4016760BD8BEEB66C009E4C"}]},{"animations":[{"repeatCount":0,"animations":[{"from":{"scalar":6},"beginTime":0,"repeatCount":0,"fillMode":"both","property":"zPosition","duration":2,"timingFunction":"easeInEaseOut","to":{"scalar":6}}],"beginTime":0,"fillMode":"both","duration":2}],"initialState":{"affineTransform":[1,0,0,1,0,0],"masksToBounds":false,"rotation":0,"scale":1,"position":{"pointX":284.9999752044678,"pointY":384.0000057220459},"width":419.9999809265137,"sublayerTransform":[1,0,0,0,0,1,0,0,0,0,1,0,0,0,0,1],"contentsRect":{"y":0,"x":0,"width":1,"height":1},"opacity":1,"edgeAntialiasingMask":15,"height":494.9999809265137,"hidden":false,"anchorPoint":{"pointX":0.5,"pointY":0.5}},"layers":[{"animations":[{"repeatCount":0,"animations":[{"from":{"scalar":0},"beginTime":1.3334,"repeatCount":0,"fillMode":"both","property":"opacity","duration":0.6666,"timingFunction":"easeInEaseOut","to":{"scalar":1}},{"from":{"scalar":false},"beginTime":1.3334,"repeatCount":0,"fillMode":"forwards","property":"hidden","duration":0.6665999999999999,"to":{"scalar":false}}],"beginTime":0,"fillMode":"both","duration":2}],"layers":[],"initialState":{"affineTransform":[1,0,0,1,0,0],"masksToBounds":false,"rotation":0,"scale":1,"position":{"pointX":139.0000152587891,"pointY":200.9999847412109},"width":272,"sublayerTransform":[1,0,0,0,0,1,0,0,0,0,1,0,0,0,0,1],"contentsRect":{"y":0,"x":0,"width":1,"height":1},"opacity":1,"edgeAntialiasingMask":0,"height":31,"hidden":true,"anchorPoint":{"pointX":0.5,"pointY":0.5}},"texture":"F33D957FD5D753FC259723239CDC016C"}]},{"animations":[{"repeatCount":0,"animations":[{"from":{"scalar":7},"beginTime":0,"repeatCount":0,"fillMode":"both","property":"zPosition","duration":2,"timingFunction":"easeInEaseOut","to":{"scalar":7}}],"beginTime":0,"fillMode":"both","duration":2}],"initialState":{"affineTransform":[1,0,0,1,0,0],"masksToBounds":false,"rotation":0,"scale":1,"position":{"pointX":284.9999752044678,"pointY":384.0000057220459},"width":419.9999809265137,"sublayerTransform":[1,0,0,0,0,1,0,0,0,0,1,0,0,0,0,1],"contentsRect":{"y":0,"x":0,"width":1,"height":1},"opacity":1,"edgeAntialiasingMask":15,"height":494.9999809265137,"hidden":false,"anchorPoint":{"pointX":0.5,"pointY":0.5}},"layers":[{"animations":[{"repeatCount":0,"animations":[{"from":{"scalar":0},"beginTime":1.3334,"repeatCount":0,"fillMode":"both","property":"opacity","duration":0.6666,"timingFunction":"easeInEaseOut","to":{"scalar":1}},{"from":{"scalar":false},"beginTime":1.3334,"repeatCount":0,"fillMode":"forwards","property":"hidden","duration":0.6665999999999999,"to":{"scalar":false}}],"beginTime":0,"fillMode":"both","duration":2}],"layers":[],"initialState":{"affineTransform":[1,0,0,1,0,0],"masksToBounds":false,"rotation":0,"scale":1,"position":{"pointX":199.0000152587891,"pointY":332.9999847412109},"width":392,"sublayerTransform":[1,0,0,0,0,1,0,0,0,0,1,0,0,0,0,1],"contentsRect":{"y":0,"x":0,"width":1,"height":1},"opacity":1,"edgeAntialiasingMask":0,"height":31,"hidden":true,"anchorPoint":{"pointX":0.5,"pointY":0.5}},"texture":"6B319CBBBB5D6ACAE3C6DBE61685A5A2"}]},{"animations":[{"repeatCount":0,"animations":[{"from":{"scalar":8},"beginTime":0,"repeatCount":0,"fillMode":"both","property":"zPosition","duration":2,"timingFunction":"easeInEaseOut","to":{"scalar":8}}],"beginTime":0,"fillMode":"both","duration":2}],"initialState":{"affineTransform":[1,0,0,1,0,0],"masksToBounds":false,"rotation":0,"scale":1,"position":{"pointX":284.9999752044678,"pointY":384.0000057220459},"width":419.9999809265137,"sublayerTransform":[1,0,0,0,0,1,0,0,0,0,1,0,0,0,0,1],"contentsRect":{"y":0,"x":0,"width":1,"height":1},"opacity":1,"edgeAntialiasingMask":15,"height":494.9999809265137,"hidden":false,"anchorPoint":{"pointX":0.5,"pointY":0.5}},"layers":[{"animations":[{"repeatCount":0,"animations":[{"from":{"scalar":0},"beginTime":1.3334,"repeatCount":0,"fillMode":"both","property":"opacity","duration":0.6666,"timingFunction":"easeInEaseOut","to":{"scalar":1}},{"from":{"scalar":false},"beginTime":1.3334,"repeatCount":0,"fillMode":"forwards","property":"hidden","duration":0.6665999999999999,"to":{"scalar":false}}],"beginTime":0,"fillMode":"both","duration":2}],"layers":[],"initialState":{"affineTransform":[1,0,0,1,0,0],"masksToBounds":false,"rotation":0,"scale":1,"position":{"pointX":168.0000152587891,"pointY":431.4999847412109},"width":330,"sublayerTransform":[1,0,0,0,0,1,0,0,0,0,1,0,0,0,0,1],"contentsRect":{"y":0,"x":0,"width":1,"height":1},"opacity":1,"edgeAntialiasingMask":0,"height":26,"hidden":true,"anchorPoint":{"pointX":0.5,"pointY":0.5}},"texture":"7049126954C6A58C43338A47CF24C2CB"}]},{"animations":[{"repeatCount":0,"animations":[{"from":{"scalar":9},"beginTime":0,"repeatCount":0,"fillMode":"both","property":"zPosition","duration":2,"timingFunction":"easeInEaseOut","to":{"scalar":9}}],"beginTime":0,"fillMode":"both","duration":2}],"initialState":{"affineTransform":[1,0,0,1,0,0],"masksToBounds":false,"rotation":0,"scale":1,"position":{"pointX":68.93915748596191,"pointY":38.36668667197227},"width":133.4970374107361,"sublayerTransform":[1,0,0,0,0,1,0,0,0,0,1,0,0,0,0,1],"contentsRect":{"y":0,"x":0,"width":1,"height":1},"opacity":1,"edgeAntialiasingMask":15,"height":42.82273262739182,"hidden":false,"anchorPoint":{"pointX":0.5,"pointY":0.5}},"layers":[{"animations":[{"repeatCount":0,"animations":[{"from":{"texture":"3B5303A1ADA7561EFECC8200CC7F852C"},"beginTime":0,"repeatCount":0,"fillMode":"both","property":"contents","duration":2,"timingFunction":"easeInEaseOut","to":{"texture":"3B5303A1ADA7561EFECC8200CC7F852C"}}],"beginTime":0,"fillMode":"both","duration":2}],"layers":[],"initialState":{"affineTransform":[1,0,0,1,0,0],"masksToBounds":false,"rotation":0,"scale":1,"position":{"pointX":68.30936121940613,"pointY":21.54467964172363},"width":123,"sublayerTransform":[1,0,0,0,0,1,0,0,0,0,1,0,0,0,0,1],"contentsRect":{"y":0,"x":0,"width":1,"height":1},"opacity":1,"edgeAntialiasingMask":0,"height":25,"hidden":false,"anchorPoint":{"pointX":0.5,"pointY":0.5}},"texture":"3B5303A1ADA7561EFECC8200CC7F852C"}]},{"animations":[{"repeatCount":0,"animations":[{"from":{"scalar":10},"beginTime":0,"repeatCount":0,"fillMode":"both","property":"zPosition","duration":2,"timingFunction":"easeInEaseOut","to":{"scalar":10}}],"beginTime":0,"fillMode":"both","duration":2}],"initialState":{"affineTransform":[1,0,0,1,0,0],"masksToBounds":false,"rotation":0,"scale":1,"position":{"pointX":919.8907729387283,"pointY":742.5876355618238},"width":221.2560331821442,"sublayerTransform":[1,0,0,0,0,1,0,0,0,0,1,0,0,0,0,1],"contentsRect":{"y":0,"x":0,"width":1,"height":1},"opacity":1,"edgeAntialiasingMask":15,"height":42.82273206114769,"hidden":false,"anchorPoint":{"pointX":0.5,"pointY":0.5}},"layers":[{"animations":[{"repeatCount":0,"animations":[{"from":{"texture":"2AE82B20225AFE7B9E4AFE624966A395"},"beginTime":0,"repeatCount":0,"fillMode":"both","property":"contents","duration":2,"timingFunction":"easeInEaseOut","to":{"texture":"2AE82B20225AFE7B9E4AFE624966A395"}}],"beginTime":0,"fillMode":"both","duration":2}],"layers":[],"initialState":{"affineTransform":[1,0,0,1,0,0],"masksToBounds":false,"rotation":0,"scale":1,"position":{"pointX":111.2372436523438,"pointY":21.82373046875},"width":191,"sublayerTransform":[1,0,0,0,0,1,0,0,0,0,1,0,0,0,0,1],"contentsRect":{"y":0,"x":0,"width":1,"height":1},"opacity":1,"edgeAntialiasingMask":0,"height":24,"hidden":false,"anchorPoint":{"pointX":0.5,"pointY":0.5}},"texture":"2AE82B20225AFE7B9E4AFE624966A395"}]},{"animations":[{"repeatCount":0,"animations":[{"from":{"scalar":11},"beginTime":0,"repeatCount":0,"fillMode":"both","property":"zPosition","duration":2,"timingFunction":"easeInEaseOut","to":{"scalar":11}}],"beginTime":0,"fillMode":"both","duration":2}],"initialState":{"affineTransform":[1,0,0,1,0,0],"masksToBounds":false,"rotation":0,"scale":1,"position":{"pointX":512.0000287749499,"pointY":55.35555648803711},"width":1024.847421141094,"sublayerTransform":[1,0,0,0,0,1,0,0,0,0,1,0,0,0,0,1],"contentsRect":{"y":0,"x":0,"width":1,"height":1},"opacity":1,"edgeAntialiasingMask":15,"height":2,"hidden":false,"anchorPoint":{"pointX":0.5,"pointY":0.5}},"layers":[{"animations":[{"repeatCount":0,"animations":[{"from":{"texture":"FE5A985DBAA7D8C8DAFAA13E29B4AD39"},"beginTime":0,"repeatCount":0,"fillMode":"both","property":"contents","duration":2,"timingFunction":"easeInEaseOut","to":{"texture":"FE5A985DBAA7D8C8DAFAA13E29B4AD39"}},{"from":{"scalar":-3.295228373362377e-16},"beginTime":0,"repeatCount":0,"fillMode":"both","property":"transform.rotation.z","duration":2,"to":{"scalar":-3.295228373362377e-16}}],"beginTime":0,"fillMode":"both","duration":2}],"layers":[],"initialState":{"affineTransform":[1,0,0,1,0,0],"masksToBounds":false,"rotation":0,"scale":1,"position":{"pointX":512.4237060546875,"pointY":0.9999999999999999},"width":1028,"sublayerTransform":[1,0,0,0,0,1,0,0,0,0,1,0,0,0,0,1],"contentsRect":{"y":0,"x":0,"width":1,"height":1},"opacity":1,"edgeAntialiasingMask":0,"height":5,"hidden":false,"anchorPoint":{"pointX":0.500000023598337,"pointY":0.4711112976074219}},"texture":"FE5A985DBAA7D8C8DAFAA13E29B4AD39"}]},{"animations":[{"repeatCount":0,"animations":[{"from":{"scalar":12},"beginTime":0,"repeatCount":0,"fillMode":"both","property":"zPosition","duration":2,"timingFunction":"easeInEaseOut","to":{"scalar":12}}],"beginTime":0,"fillMode":"both","duration":2}],"initialState":{"affineTransform":[1,0,0,1,0,0],"masksToBounds":false,"rotation":0,"scale":1,"position":{"pointX":512.0000052452087,"pointY":38.36668941378593},"width":542.4887800216675,"sublayerTransform":[1,0,0,0,0,1,0,0,0,0,1,0,0,0,0,1],"contentsRect":{"y":0,"x":0,"width":1,"height":1},"opacity":1,"edgeAntialiasingMask":15,"height":50.73720306158066,"hidden":false,"anchorPoint":{"pointX":0.5,"pointY":0.5}},"layers":[{"animations":[{"repeatCount":0,"animations":[{"from":{"scalar":1},"beginTime":0,"repeatCount":0,"fillMode":"forwards","property":"opacity","duration":0.6666,"timingFunction":"easeInEaseOut","to":{"scalar":0}},{"from":{"scalar":true},"beginTime":0.6666,"repeatCount":0,"fillMode":"forwards","property":"hidden","duration":1.3334,"to":{"scalar":true}}],"beginTime":0,"fillMode":"both","duration":2}],"layers":[],"initialState":{"affineTransform":[1,0,0,1,0,0],"masksToBounds":false,"rotation":0,"scale":1,"position":{"pointX":271.244384765625,"pointY":29.00191211700439},"width":302,"sublayerTransform":[1,0,0,0,0,1,0,0,0,0,1,0,0,0,0,1],"contentsRect":{"y":0,"x":0,"width":1,"height":1},"opacity":1,"edgeAntialiasingMask":0,"height":38,"hidden":false,"anchorPoint":{"pointX":0.5,"pointY":0.5}},"texture":"6F915E24A9F76E9C2EA0F4746642880B"}]},{"animations":[{"repeatCount":0,"animations":[{"from":{"scalar":13},"beginTime":0,"repeatCount":0,"fillMode":"both","property":"zPosition","duration":2,"timingFunction":"easeInEaseOut","to":{"scalar":13}}],"beginTime":0,"fillMode":"both","duration":2}],"initialState":{"affineTransform":[1,0,0,1,0,0],"masksToBounds":false,"rotation":0,"scale":1,"position":{"pointX":512.0000052452087,"pointY":38.36668941378593},"width":542.4887800216675,"sublayerTransform":[1,0,0,0,0,1,0,0,0,0,1,0,0,0,0,1],"contentsRect":{"y":0,"x":0,"width":1,"height":1},"opacity":1,"edgeAntialiasingMask":15,"height":50.73720306158066,"hidden":false,"anchorPoint":{"pointX":0.5,"pointY":0.5}},"layers":[{"animations":[{"repeatCount":0,"animations":[{"from":{"scalar":0},"beginTime":1.3334,"repeatCount":0,"fillMode":"both","property":"opacity","duration":0.6666,"timingFunction":"easeInEaseOut","to":{"scalar":1}},{"from":{"scalar":false},"beginTime":1.3334,"repeatCount":0,"fillMode":"forwards","property":"hidden","duration":0.6665999999999999,"to":{"scalar":false}}],"beginTime":0,"fillMode":"both","duration":2}],"layers":[],"initialState":{"affineTransform":[1,0,0,1,0,0],"masksToBounds":false,"rotation":0,"scale":1,"position":{"pointX":271.744384765625,"pointY":28.50191211700439},"width":413,"sublayerTransform":[1,0,0,0,0,1,0,0,0,0,1,0,0,0,0,1],"contentsRect":{"y":0,"x":0,"width":1,"height":1},"opacity":1,"edgeAntialiasingMask":0,"height":39,"hidden":true,"anchorPoint":{"pointX":0.5,"pointY":0.5}},"texture":"8985CB306A7F84F929F1D511AB2CBED7"}]},{"animations":[{"repeatCount":0,"animations":[{"from":{"scalar":14},"beginTime":0,"repeatCount":0,"fillMode":"both","property":"zPosition","duration":2,"timingFunction":"easeInEaseOut","to":{"scalar":14}}],"beginTime":0,"fillMode":"both","duration":2}],"initialState":{"affineTransform":[1,0,0,1,0,0],"masksToBounds":false,"rotation":0,"scale":1,"position":{"pointX":68.93915748596191,"pointY":711.8174667358398},"width":120.0586013793945,"sublayerTransform":[1,0,0,0,0,1,0,0,0,0,1,0,0,0,0,1],"contentsRect":{"y":0,"x":0,"width":1,"height":1},"opacity":1,"edgeAntialiasingMask":15,"height":94.22953796386719,"hidden":false,"anchorPoint":{"pointX":0.5,"pointY":0.5}},"layers":[{"animations":[{"repeatCount":0,"animations":[{"from":{"texture":"C352E1707DFDF047A5BBF8E7BA8DD551"},"beginTime":0,"repeatCount":0,"fillMode":"both","property":"contents","duration":2,"timingFunction":"easeInEaseOut","to":{"texture":"C352E1707DFDF047A5BBF8E7BA8DD551"}}],"beginTime":0,"fillMode":"both","duration":2}],"layers":[],"initialState":{"affineTransform":[1,0,0,1,0,0],"masksToBounds":false,"rotation":0,"scale":1,"position":{"pointX":60.02930164337158,"pointY":47.11476898193359},"width":121,"sublayerTransform":[1,0,0,0,0,1,0,0,0,0,1,0,0,0,0,1],"contentsRect":{"y":0,"x":0,"width":1,"height":1},"opacity":1,"edgeAntialiasingMask":0,"height":95,"hidden":false,"anchorPoint":{"pointX":0.503629408592035,"pointY":0.5033417551141036}},"texture":"C352E1707DFDF047A5BBF8E7BA8DD551"}]}]},"effects":[],"duration":2,"type":"transition","name":"apple:magic-move-implied-motion-path","objectID":"0"}],"automaticPlay":false,"hyperlinks":[],"accessibility":[{"text":"Major","targetRectangle":{"y":338,"x":545.5,"width":65,"height":31}},{"text":"number","targetRectangle":{"y":369,"x":533.215,"width":89.56999999999994,"height":31}},{"text":"(2 bytes)","targetRectangle":{"y":400,"x":526.715,"width":102.5699999999999,"height":31}},{"text":"iBeacons","targetRectangle":{"y":20.95532035827637,"x":8.155138678054819,"width":121.56804,"height":35}},{"text":"PDU para iBeacon","targetRectangle":{"y":16.99808788299561,"x":359.90968,"width":304.18064,"height":43}},{"text":"UUID","targetRectangle":{"y":353,"x":392.228,"width":63.54399999999998,"height":31}},{"text":"(16 bytes)","targetRectangle":{"y":384,"x":365.487,"width":117.026,"height":31}},{"text":"iOS7-logo.png","targetRectangle":{"y":664.7026977539062,"x":36.82355499267578,"width":92.14490509033203,"height":88.53137969970703}},{"text":"micro locations","targetRectangle":{"y":725.17626953125,"x":825.2227699584961,"width":189.336,"height":34}},{"text":"XcodeLogo.png","targetRectangle":{"y":703.7194671630859,"x":8.909856796264648,"width":56.39759063720703,"height":55.2127685546875}},{"text":"Apple iBeacon Prefix","targetRectangle":{"y":355,"x":78.59503125000003,"width":243.7239999999999,"height":31}},{"text":"(0x0201061AFF4C000215)","targetRectangle":{"y":386,"x":62.37653124999997,"width":276.1610000000001,"height":28}},{"text":"TX Power","targetRectangle":{"y":338,"x":833.101,"width":109.798,"height":31}},{"text":"dB","targetRectangle":{"y":369,"x":871.386,"width":33.22800000000007,"height":31}},{"text":"(1 byte)","targetRectangle":{"y":400,"x":843.215,"width":89.56999999999994,"height":31}},{"text":"Minor","targetRectangle":{"y":338,"x":700.5,"width":65,"height":31}},{"text":"number","targetRectangle":{"y":369,"x":688.215,"width":89.56999999999994,"height":31}},{"text":"(2 bytes)","targetRectangle":{"y":400,"x":681.715,"width":102.5699999999999,"height":31}}],"baseLayer":{"animations":[],"initialState":{"affineTransform":[1,0,0,1,0,0],"masksToBounds":true,"rotation":0,"scale":1,"position":{"pointX":512,"pointY":384},"width":1024,"sublayerTransform":[1,0,0,0,0,1,0,0,0,0,1,0,0,0,0,1],"contentsRect":{"y":0,"x":0,"width":1,"height":1},"opacity":1,"edgeAntialiasingMask":0,"height":768,"hidden":false,"anchorPoint":{"pointX":0.5,"pointY":0.5}},"objectID":"0","layers":[{"animations":[],"initialState":{"affineTransform":[1,0,0,1,0,0],"masksToBounds":false,"rotation":0,"scale":1,"position":{"pointX":512,"pointY":384},"width":1024,"sublayerTransform":[1,0,0,0,0,1,0,0,0,0,1,0,0,0,0,1],"contentsRect":{"y":0,"x":0,"width":1,"height":1},"opacity":1,"edgeAntialiasingMask":15,"height":768,"hidden":false,"anchorPoint":{"pointX":0.5,"pointY":0.5}},"layers":[{"animations":[],"initialState":{"affineTransform":[1,0,0,1,0,0],"masksToBounds":false,"rotation":0,"scale":1,"position":{"pointX":512,"pointY":384},"width":1024,"sublayerTransform":[1,0,0,0,0,1,0,0,0,0,1,0,0,0,0,1],"contentsRect":{"y":0,"x":0,"width":1,"height":1},"opacity":1,"edgeAntialiasingMask":15,"height":768,"hidden":false,"anchorPoint":{"pointX":0.5,"pointY":0.5}},"layers":[{"animations":[],"layers":[],"initialState":{"affineTransform":[1,0,0,1,0,0],"masksToBounds":false,"rotation":0,"scale":1,"position":{"pointX":512,"pointY":384},"width":1024,"sublayerTransform":[1,0,0,0,0,1,0,0,0,0,1,0,0,0,0,1],"contentsRect":{"y":0,"x":0,"width":1,"height":1},"opacity":1,"edgeAntialiasingMask":0,"height":768,"hidden":false,"anchorPoint":{"pointX":0.5,"pointY":0.5}},"texture":"DB8451458D98EFA7506DBEBC2B1323F0"}]}]},{"animations":[],"initialState":{"affineTransform":[1,0,0,1,0,0],"masksToBounds":false,"rotation":0,"scale":1,"position":{"pointX":512,"pointY":384},"width":924.4453125,"sublayerTransform":[1,0,0,0,0,1,0,0,0,0,1,0,0,0,0,1],"contentsRect":{"y":0,"x":0,"width":1,"height":1},"opacity":1,"edgeAntialiasingMask":15,"height":170,"hidden":false,"anchorPoint":{"pointX":0.5,"pointY":0.5}},"layers":[{"animations":[],"layers":[],"initialState":{"affineTransform":[1,0,0,1,0,0],"masksToBounds":false,"rotation":0,"scale":1,"position":{"pointX":462.22265625,"pointY":85},"width":928,"sublayerTransform":[1,0,0,0,0,1,0,0,0,0,1,0,0,0,0,1],"contentsRect":{"y":0,"x":0,"width":1,"height":1},"opacity":1,"edgeAntialiasingMask":0,"height":173,"hidden":false,"anchorPoint":{"pointX":0.5,"pointY":0.4971098265895953}},"texture":"868718411C45D90FFB145741AD827C8B"}]},{"animations":[],"initialState":{"affineTransform":[1,0,0,1,0,0],"masksToBounds":false,"rotation":0,"scale":1,"position":{"pointX":284.9999752044678,"pointY":384.0000057220459},"width":419.9999809265137,"sublayerTransform":[1,0,0,0,0,1,0,0,0,0,1,0,0,0,0,1],"contentsRect":{"y":0,"x":0,"width":1,"height":1},"opacity":1,"edgeAntialiasingMask":15,"height":494.9999809265137,"hidden":false,"anchorPoint":{"pointX":0.5,"pointY":0.5}},"layers":[{"animations":[],"layers":[],"initialState":{"affineTransform":[1,0,0,1,0,0],"masksToBounds":false,"rotation":0,"scale":1,"position":{"pointX":124.0000152587891,"pointY":135.4999847412109},"width":242,"sublayerTransform":[1,0,0,0,0,1,0,0,0,0,1,0,0,0,0,1],"contentsRect":{"y":0,"x":0,"width":1,"height":1},"opacity":1,"edgeAntialiasingMask":0,"height":30,"hidden":true,"anchorPoint":{"pointX":0.5,"pointY":0.5}},"texture":"925FE4BD9746506949C1EC1F4617DACE"}]},{"animations":[],"initialState":{"affineTransform":[1,0,0,1,0,0],"masksToBounds":false,"rotation":0,"scale":1,"position":{"pointX":284.9999752044678,"pointY":384.0000057220459},"width":419.9999809265137,"sublayerTransform":[1,0,0,0,0,1,0,0,0,0,1,0,0,0,0,1],"contentsRect":{"y":0,"x":0,"width":1,"height":1},"opacity":1,"edgeAntialiasingMask":15,"height":494.9999809265137,"hidden":false,"anchorPoint":{"pointX":0.5,"pointY":0.5}},"layers":[{"animations":[],"layers":[],"initialState":{"affineTransform":[1,0,0,1,0,0],"masksToBounds":false,"rotation":0,"scale":1,"position":{"pointX":147.5000152587891,"pointY":68.99998474121094},"width":289,"sublayerTransform":[1,0,0,0,0,1,0,0,0,0,1,0,0,0,0,1],"contentsRect":{"y":0,"x":0,"width":1,"height":1},"opacity":1,"edgeAntialiasingMask":0,"height":31,"hidden":true,"anchorPoint":{"pointX":0.5,"pointY":0.5}},"texture":"F341E94C25F5E65AD61671DAC439184A"}]},{"animations":[],"initialState":{"affineTransform":[1,0,0,1,0,0],"masksToBounds":false,"rotation":0,"scale":1,"position":{"pointX":284.9999752044678,"pointY":384.0000057220459},"width":419.9999809265137,"sublayerTransform":[1,0,0,0,0,1,0,0,0,0,1,0,0,0,0,1],"contentsRect":{"y":0,"x":0,"width":1,"height":1},"opacity":1,"edgeAntialiasingMask":15,"height":494.9999809265137,"hidden":false,"anchorPoint":{"pointX":0.5,"pointY":0.5}},"layers":[{"animations":[],"layers":[],"initialState":{"affineTransform":[1,0,0,1,0,0],"masksToBounds":false,"rotation":0,"scale":1,"position":{"pointX":123.5000152587891,"pointY":367.4999847412109},"width":189,"sublayerTransform":[1,0,0,0,0,1,0,0,0,0,1,0,0,0,0,1],"contentsRect":{"y":0,"x":0,"width":1,"height":1},"opacity":1,"edgeAntialiasingMask":0,"height":30,"hidden":true,"anchorPoint":{"pointX":0.5,"pointY":0.5}},"texture":"6D0B00C5036DE03586D87C3E1EC7C03E"}]},{"animations":[],"initialState":{"affineTransform":[1,0,0,1,0,0],"masksToBounds":false,"rotation":0,"scale":1,"position":{"pointX":284.9999752044678,"pointY":384.0000057220459},"width":419.9999809265137,"sublayerTransform":[1,0,0,0,0,1,0,0,0,0,1,0,0,0,0,1],"contentsRect":{"y":0,"x":0,"width":1,"height":1},"opacity":1,"edgeAntialiasingMask":15,"height":494.9999809265137,"hidden":false,"anchorPoint":{"pointX":0.5,"pointY":0.5}},"layers":[{"animations":[],"layers":[],"initialState":{"affineTransform":[1,0,0,1,0,0],"masksToBounds":false,"rotation":0,"scale":1,"position":{"pointX":137.5000152587891,"pointY":267.4999847412109},"width":269,"sublayerTransform":[1,0,0,0,0,1,0,0,0,0,1,0,0,0,0,1],"contentsRect":{"y":0,"x":0,"width":1,"height":1},"opacity":1,"edgeAntialiasingMask":0,"height":30,"hidden":true,"anchorPoint":{"pointX":0.5,"pointY":0.5}},"texture":"82EA4A3CC4016760BD8BEEB66C009E4C"}]},{"animations":[],"initialState":{"affineTransform":[1,0,0,1,0,0],"masksToBounds":false,"rotation":0,"scale":1,"position":{"pointX":284.9999752044678,"pointY":384.0000057220459},"width":419.9999809265137,"sublayerTransform":[1,0,0,0,0,1,0,0,0,0,1,0,0,0,0,1],"contentsRect":{"y":0,"x":0,"width":1,"height":1},"opacity":1,"edgeAntialiasingMask":15,"height":494.9999809265137,"hidden":false,"anchorPoint":{"pointX":0.5,"pointY":0.5}},"layers":[{"animations":[],"layers":[],"initialState":{"affineTransform":[1,0,0,1,0,0],"masksToBounds":false,"rotation":0,"scale":1,"position":{"pointX":139.0000152587891,"pointY":200.9999847412109},"width":272,"sublayerTransform":[1,0,0,0,0,1,0,0,0,0,1,0,0,0,0,1],"contentsRect":{"y":0,"x":0,"width":1,"height":1},"opacity":1,"edgeAntialiasingMask":0,"height":31,"hidden":true,"anchorPoint":{"pointX":0.5,"pointY":0.5}},"texture":"F33D957FD5D753FC259723239CDC016C"}]},{"animations":[],"initialState":{"affineTransform":[1,0,0,1,0,0],"masksToBounds":false,"rotation":0,"scale":1,"position":{"pointX":284.9999752044678,"pointY":384.0000057220459},"width":419.9999809265137,"sublayerTransform":[1,0,0,0,0,1,0,0,0,0,1,0,0,0,0,1],"contentsRect":{"y":0,"x":0,"width":1,"height":1},"opacity":1,"edgeAntialiasingMask":15,"height":494.9999809265137,"hidden":false,"anchorPoint":{"pointX":0.5,"pointY":0.5}},"layers":[{"animations":[],"layers":[],"initialState":{"affineTransform":[1,0,0,1,0,0],"masksToBounds":false,"rotation":0,"scale":1,"position":{"pointX":199.0000152587891,"pointY":332.9999847412109},"width":392,"sublayerTransform":[1,0,0,0,0,1,0,0,0,0,1,0,0,0,0,1],"contentsRect":{"y":0,"x":0,"width":1,"height":1},"opacity":1,"edgeAntialiasingMask":0,"height":31,"hidden":true,"anchorPoint":{"pointX":0.5,"pointY":0.5}},"texture":"6B319CBBBB5D6ACAE3C6DBE61685A5A2"}]},{"animations":[],"initialState":{"affineTransform":[1,0,0,1,0,0],"masksToBounds":false,"rotation":0,"scale":1,"position":{"pointX":284.9999752044678,"pointY":384.0000057220459},"width":419.9999809265137,"sublayerTransform":[1,0,0,0,0,1,0,0,0,0,1,0,0,0,0,1],"contentsRect":{"y":0,"x":0,"width":1,"height":1},"opacity":1,"edgeAntialiasingMask":15,"height":494.9999809265137,"hidden":false,"anchorPoint":{"pointX":0.5,"pointY":0.5}},"layers":[{"animations":[],"layers":[],"initialState":{"affineTransform":[1,0,0,1,0,0],"masksToBounds":false,"rotation":0,"scale":1,"position":{"pointX":168.0000152587891,"pointY":431.4999847412109},"width":330,"sublayerTransform":[1,0,0,0,0,1,0,0,0,0,1,0,0,0,0,1],"contentsRect":{"y":0,"x":0,"width":1,"height":1},"opacity":1,"edgeAntialiasingMask":0,"height":26,"hidden":true,"anchorPoint":{"pointX":0.5,"pointY":0.5}},"texture":"7049126954C6A58C43338A47CF24C2CB"}]},{"animations":[],"initialState":{"affineTransform":[1,0,0,1,0,0],"masksToBounds":false,"rotation":0,"scale":1,"position":{"pointX":68.93915748596191,"pointY":38.36668667197227},"width":133.4970374107361,"sublayerTransform":[1,0,0,0,0,1,0,0,0,0,1,0,0,0,0,1],"contentsRect":{"y":0,"x":0,"width":1,"height":1},"opacity":1,"edgeAntialiasingMask":15,"height":42.82273262739182,"hidden":false,"anchorPoint":{"pointX":0.5,"pointY":0.5}},"layers":[{"animations":[],"layers":[],"initialState":{"affineTransform":[1,0,0,1,0,0],"masksToBounds":false,"rotation":0,"scale":1,"position":{"pointX":68.30936121940613,"pointY":21.54467964172363},"width":123,"sublayerTransform":[1,0,0,0,0,1,0,0,0,0,1,0,0,0,0,1],"contentsRect":{"y":0,"x":0,"width":1,"height":1},"opacity":1,"edgeAntialiasingMask":0,"height":25,"hidden":false,"anchorPoint":{"pointX":0.5,"pointY":0.5}},"texture":"3B5303A1ADA7561EFECC8200CC7F852C"}]},{"animations":[],"initialState":{"affineTransform":[1,0,0,1,0,0],"masksToBounds":false,"rotation":0,"scale":1,"position":{"pointX":919.8907729387283,"pointY":742.5876355618238},"width":221.2560331821442,"sublayerTransform":[1,0,0,0,0,1,0,0,0,0,1,0,0,0,0,1],"contentsRect":{"y":0,"x":0,"width":1,"height":1},"opacity":1,"edgeAntialiasingMask":15,"height":42.82273206114769,"hidden":false,"anchorPoint":{"pointX":0.5,"pointY":0.5}},"layers":[{"animations":[],"layers":[],"initialState":{"affineTransform":[1,0,0,1,0,0],"masksToBounds":false,"rotation":0,"scale":1,"position":{"pointX":111.2372436523438,"pointY":21.82373046875},"width":191,"sublayerTransform":[1,0,0,0,0,1,0,0,0,0,1,0,0,0,0,1],"contentsRect":{"y":0,"x":0,"width":1,"height":1},"opacity":1,"edgeAntialiasingMask":0,"height":24,"hidden":false,"anchorPoint":{"pointX":0.5,"pointY":0.5}},"texture":"2AE82B20225AFE7B9E4AFE624966A395"}]},{"animations":[],"initialState":{"affineTransform":[1,0,0,1,0,0],"masksToBounds":false,"rotation":0,"scale":1,"position":{"pointX":512.0000287749499,"pointY":55.35555648803711},"width":1024.847421141094,"sublayerTransform":[1,0,0,0,0,1,0,0,0,0,1,0,0,0,0,1],"contentsRect":{"y":0,"x":0,"width":1,"height":1},"opacity":1,"edgeAntialiasingMask":15,"height":2,"hidden":false,"anchorPoint":{"pointX":0.5,"pointY":0.5}},"layers":[{"animations":[],"layers":[],"initialState":{"affineTransform":[1,0,0,1,0,0],"masksToBounds":false,"rotation":0,"scale":1,"position":{"pointX":512.4237060546875,"pointY":0.9999999999999999},"width":1028,"sublayerTransform":[1,0,0,0,0,1,0,0,0,0,1,0,0,0,0,1],"contentsRect":{"y":0,"x":0,"width":1,"height":1},"opacity":1,"edgeAntialiasingMask":0,"height":5,"hidden":false,"anchorPoint":{"pointX":0.500000023598337,"pointY":0.4711112976074219}},"texture":"FE5A985DBAA7D8C8DAFAA13E29B4AD39"}]},{"animations":[],"initialState":{"affineTransform":[1,0,0,1,0,0],"masksToBounds":false,"rotation":0,"scale":1,"position":{"pointX":512.0000052452087,"pointY":38.36668941378593},"width":542.4887800216675,"sublayerTransform":[1,0,0,0,0,1,0,0,0,0,1,0,0,0,0,1],"contentsRect":{"y":0,"x":0,"width":1,"height":1},"opacity":1,"edgeAntialiasingMask":15,"height":50.73720306158066,"hidden":false,"anchorPoint":{"pointX":0.5,"pointY":0.5}},"layers":[{"animations":[],"layers":[],"initialState":{"affineTransform":[1,0,0,1,0,0],"masksToBounds":false,"rotation":0,"scale":1,"position":{"pointX":271.244384765625,"pointY":29.00191211700439},"width":302,"sublayerTransform":[1,0,0,0,0,1,0,0,0,0,1,0,0,0,0,1],"contentsRect":{"y":0,"x":0,"width":1,"height":1},"opacity":1,"edgeAntialiasingMask":0,"height":38,"hidden":false,"anchorPoint":{"pointX":0.5,"pointY":0.5}},"texture":"6F915E24A9F76E9C2EA0F4746642880B"}]},{"animations":[],"initialState":{"affineTransform":[1,0,0,1,0,0],"masksToBounds":false,"rotation":0,"scale":1,"position":{"pointX":512.0000052452087,"pointY":38.36668941378593},"width":542.4887800216675,"sublayerTransform":[1,0,0,0,0,1,0,0,0,0,1,0,0,0,0,1],"contentsRect":{"y":0,"x":0,"width":1,"height":1},"opacity":1,"edgeAntialiasingMask":15,"height":50.73720306158066,"hidden":false,"anchorPoint":{"pointX":0.5,"pointY":0.5}},"layers":[{"animations":[],"layers":[],"initialState":{"affineTransform":[1,0,0,1,0,0],"masksToBounds":false,"rotation":0,"scale":1,"position":{"pointX":271.744384765625,"pointY":28.50191211700439},"width":413,"sublayerTransform":[1,0,0,0,0,1,0,0,0,0,1,0,0,0,0,1],"contentsRect":{"y":0,"x":0,"width":1,"height":1},"opacity":1,"edgeAntialiasingMask":0,"height":39,"hidden":true,"anchorPoint":{"pointX":0.5,"pointY":0.5}},"texture":"8985CB306A7F84F929F1D511AB2CBED7"}]},{"animations":[],"initialState":{"affineTransform":[1,0,0,1,0,0],"masksToBounds":false,"rotation":0,"scale":1,"position":{"pointX":68.93915748596191,"pointY":711.8174667358398},"width":120.0586013793945,"sublayerTransform":[1,0,0,0,0,1,0,0,0,0,1,0,0,0,0,1],"contentsRect":{"y":0,"x":0,"width":1,"height":1},"opacity":1,"edgeAntialiasingMask":15,"height":94.22953796386719,"hidden":false,"anchorPoint":{"pointX":0.5,"pointY":0.5}},"layers":[{"animations":[],"layers":[],"initialState":{"affineTransform":[1,0,0,1,0,0],"masksToBounds":false,"rotation":0,"scale":1,"position":{"pointX":60.02930164337158,"pointY":47.11476898193359},"width":121,"sublayerTransform":[1,0,0,0,0,1,0,0,0,0,1,0,0,0,0,1],"contentsRect":{"y":0,"x":0,"width":1,"height":1},"opacity":1,"edgeAntialiasingMask":0,"height":95,"hidden":false,"anchorPoint":{"pointX":0.503629408592035,"pointY":0.5033417551141036}},"texture":"C352E1707DFDF047A5BBF8E7BA8DD551"}]}]}}]}