{"assets":{"B9943C0F0F821ABBEF00F0B2BB8D844D":{"type":"texture","index":482,"assetRequest":{"type":"slide","state":"contents","slide":"42B9DA3F-C5D5-4234-9A8D-884AB1C8F425"},"url":"assets/B9943C0F0F821ABBEF00F0B2BB8D844D.svg","width":123,"height":25},"DB8451458D98EFA7506DBEBC2B1323F0":{"type":"texture","index":473,"assetRequest":{"type":"slide","state":"background","slide":"42B9DA3F-C5D5-4234-9A8D-884AB1C8F425"},"url":"assets/DB8451458D98EFA7506DBEBC2B1323F0.svg","width":1024,"height":768},"D8C1F5AC34EA09AD5E5EDFDFA2307D73":{"type":"texture","index":476,"assetRequest":{"type":"slide","state":"text","slide":"42B9DA3F-C5D5-4234-9A8D-884AB1C8F425"},"url":"assets/D8C1F5AC34EA09AD5E5EDFDFA2307D73.svg","width":279,"height":70},"854EA35D2567847B92D05A1BFE13DFBB":{"type":"texture","index":481,"assetRequest":{"type":"slide","state":"object","slide":"42B9DA3F-C5D5-4234-9A8D-884AB1C8F425"},"url":"assets/854EA35D2567847B92D05A1BFE13DFBB.svg","width":89,"height":89},"F2AFF8263D60838F86C4B35CA03F1008":{"type":"texture","index":477,"assetRequest":{"type":"slide","state":"text","slide":"42B9DA3F-C5D5-4234-9A8D-884AB1C8F425"},"url":"assets/F2AFF8263D60838F86C4B35CA03F1008.svg","width":668,"height":68},"087FE9F991BE0919BCB3237C5E9BB44A":{"type":"texture","index":475,"assetRequest":{"type":"slide","state":"text","slide":"42B9DA3F-C5D5-4234-9A8D-884AB1C8F425"},"url":"assets/087FE9F991BE0919BCB3237C5E9BB44A.svg","width":336,"height":83},"7458444C9002C61F29D4D9EA5F425342":{"type":"texture","index":480,"assetRequest":{"type":"slide","state":"object","slide":"42B9DA3F-C5D5-4234-9A8D-884AB1C8F425"},"url":"assets/7458444C9002C61F29D4D9EA5F425342.svg","width":89,"height":89},"040C0D4BCE185D37DB3F03B15E69CF44":{"type":"texture","index":483,"assetRequest":{"type":"slide","state":"contents","slide":"42B9DA3F-C5D5-4234-9A8D-884AB1C8F425"},"url":"assets/040C0D4BCE185D37DB3F03B15E69CF44.svg","width":89,"height":90},"FE5A985DBAA7D8C8DAFAA13E29B4AD39":{"type":"texture","index":478,"assetRequest":{"type":"slide","state":"object","slide":"42B9DA3F-C5D5-4234-9A8D-884AB1C8F425"},"url":"assets/FE5A985DBAA7D8C8DAFAA13E29B4AD39.svg","width":1028,"height":5},"3B5303A1ADA7561EFECC8200CC7F852C":{"type":"texture","index":479,"assetRequest":{"type":"slide","state":"text","slide":"42B9DA3F-C5D5-4234-9A8D-884AB1C8F425"},"url":"assets/3B5303A1ADA7561EFECC8200CC7F852C.svg","width":123,"height":25},"8365B9E37453E77726BEB0030DC60592":{"type":"texture","index":484,"assetRequest":{"type":"slide","state":"contents","slide":"42B9DA3F-C5D5-4234-9A8D-884AB1C8F425"},"url":"assets/8365B9E37453E77726BEB0030DC60592.svg","width":89,"height":90},"BB396582AFCAB3C8454FD9434FFE1DC3":{"type":"texture","index":474,"assetRequest":{"type":"slide","state":"text","slide":"42B9DA3F-C5D5-4234-9A8D-884AB1C8F425"},"url":"assets/BB396582AFCAB3C8454FD9434FFE1DC3.svg","width":443,"height":79}},"events":[{"effects":[{"beginTime":0,"baseLayer":{"animations":[],"initialState":{"affineTransform":[1,0,0,1,0,0],"masksToBounds":true,"rotation":0,"scale":1,"position":{"pointX":512,"pointY":384},"width":1024,"sublayerTransform":[1,0,0,0,0,1,0,0,0,0,1,0,0,0,0,1],"contentsRect":{"y":0,"x":0,"width":1,"height":1},"opacity":1,"edgeAntialiasingMask":0,"height":768,"hidden":false,"anchorPoint":{"pointX":0.5,"pointY":0.5}},"objectID":"0","layers":[{"animations":[],"initialState":{"affineTransform":[1,0,0,1,0,0],"masksToBounds":false,"rotation":0,"scale":1,"position":{"pointX":512,"pointY":384},"width":1024,"sublayerTransform":[1,0,0,0,0,1,0,0,0,0,1,0,0,0,0,1],"contentsRect":{"y":0,"x":0,"width":1,"height":1},"opacity":1,"edgeAntialiasingMask":15,"height":768,"hidden":false,"anchorPoint":{"pointX":0.5,"pointY":0.5}},"layers":[{"animations":[{"repeatCount":0,"animations":[{"from":{"scalar":0},"beginTime":0,"repeatCount":0,"fillMode":"both","property":"zPosition","duration":2,"timingFunction":"easeInEaseOut","to":{"scalar":0}}],"beginTime":0,"fillMode":"both","duration":2}],"initialState":{"affineTransform":[1,0,0,1,0,0],"masksToBounds":false,"rotation":0,"scale":1,"position":{"pointX":512,"pointY":384},"width":1024,"sublayerTransform":[1,0,0,0,0,1,0,0,0,0,1,0,0,0,0,1],"contentsRect":{"y":0,"x":0,"width":1,"height":1},"opacity":1,"edgeAntialiasingMask":15,"height":768,"hidden":false,"anchorPoint":{"pointX":0.5,"pointY":0.5}},"layers":[{"animations":[],"layers":[],"initialState":{"affineTransform":[1,0,0,1,0,0],"masksToBounds":false,"rotation":0,"scale":1,"position":{"pointX":512,"pointY":384},"width":1024,"sublayerTransform":[1,0,0,0,0,1,0,0,0,0,1,0,0,0,0,1],"contentsRect":{"y":0,"x":0,"width":1,"height":1},"opacity":1,"edgeAntialiasingMask":0,"height":768,"hidden":false,"anchorPoint":{"pointX":0.5,"pointY":0.5}},"texture":"DB8451458D98EFA7506DBEBC2B1323F0"}]}]},{"animations":[{"repeatCount":0,"animations":[{"from":{"scalar":1},"beginTime":0,"repeatCount":0,"fillMode":"both","property":"zPosition","duration":2,"timingFunction":"easeInEaseOut","to":{"scalar":1}}],"beginTime":0,"fillMode":"both","duration":2}],"initialState":{"affineTransform":[1,0,0,1,0,0],"masksToBounds":false,"rotation":0,"scale":1,"position":{"pointX":512.0000038146973,"pointY":384.0000023841858},"width":873.9999771118164,"sublayerTransform":[1,0,0,0,0,1,0,0,0,0,1,0,0,0,0,1],"contentsRect":{"y":0,"x":0,"width":1,"height":1},"opacity":1,"edgeAntialiasingMask":15,"height":170.0000047683716,"hidden":false,"anchorPoint":{"pointX":0.5,"pointY":0.5}},"layers":[{"animations":[{"repeatCount":0,"animations":[{"from":{"scalar":1},"beginTime":0,"repeatCount":0,"fillMode":"forwards","property":"opacity","duration":0.6666,"timingFunction":"easeInEaseOut","to":{"scalar":0}},{"from":{"scalar":true},"beginTime":0.6666,"repeatCount":0,"fillMode":"forwards","property":"hidden","duration":1.3334,"to":{"scalar":true}}],"beginTime":0,"fillMode":"both","duration":2}],"layers":[],"initialState":{"affineTransform":[1,0,0,1,0,0],"masksToBounds":false,"rotation":0,"scale":1,"position":{"pointX":437.4999847412109,"pointY":93.5},"width":443,"sublayerTransform":[1,0,0,0,0,1,0,0,0,0,1,0,0,0,0,1],"contentsRect":{"y":0,"x":0,"width":1,"height":1},"opacity":1,"edgeAntialiasingMask":0,"height":79,"hidden":false,"anchorPoint":{"pointX":0.5,"pointY":0.5}},"texture":"BB396582AFCAB3C8454FD9434FFE1DC3"}]},{"animations":[{"repeatCount":0,"animations":[{"from":{"scalar":2},"beginTime":0,"repeatCount":0,"fillMode":"both","property":"zPosition","duration":2,"timingFunction":"easeInEaseOut","to":{"scalar":2}}],"beginTime":0,"fillMode":"both","duration":2}],"initialState":{"affineTransform":[1,0,0,1,0,0],"masksToBounds":false,"rotation":0,"scale":1,"position":{"pointX":512,"pointY":105.0000009536743},"width":955.4218292236328,"sublayerTransform":[1,0,0,0,0,1,0,0,0,0,1,0,0,0,0,1],"contentsRect":{"y":0,"x":0,"width":1,"height":1},"opacity":1,"edgeAntialiasingMask":15,"height":116.2916660308838,"hidden":false,"anchorPoint":{"pointX":0.5,"pointY":0.5}},"layers":[{"animations":[{"repeatCount":0,"animations":[{"from":{"scalar":0},"beginTime":1.3334,"repeatCount":0,"fillMode":"both","property":"opacity","duration":0.6666,"timingFunction":"easeInEaseOut","to":{"scalar":1}},{"from":{"scalar":false},"beginTime":1.3334,"repeatCount":0,"fillMode":"forwards","property":"hidden","duration":0.6665999999999999,"to":{"scalar":false}}],"beginTime":0,"fillMode":"both","duration":2}],"layers":[],"initialState":{"affineTransform":[1,0,0,1,0,0],"masksToBounds":false,"rotation":0,"scale":1,"position":{"pointX":477.7109146118164,"pointY":65.64583206176758},"width":336,"sublayerTransform":[1,0,0,0,0,1,0,0,0,0,1,0,0,0,0,1],"contentsRect":{"y":0,"x":0,"width":1,"height":1},"opacity":1,"edgeAntialiasingMask":0,"height":83,"hidden":true,"anchorPoint":{"pointX":0.5,"pointY":0.5}},"texture":"087FE9F991BE0919BCB3237C5E9BB44A"}]},{"animations":[{"repeatCount":0,"animations":[{"from":{"scalar":3},"beginTime":0,"repeatCount":0,"fillMode":"both","property":"zPosition","duration":2,"timingFunction":"easeInEaseOut","to":{"scalar":3}}],"beginTime":0,"fillMode":"both","duration":2}],"initialState":{"affineTransform":[1,0,0,1,0,0],"masksToBounds":false,"rotation":0,"scale":1,"position":{"pointX":512.0000114440918,"pointY":647.7091064453125},"width":296.0287094116211,"sublayerTransform":[1,0,0,0,0,1,0,0,0,0,1,0,0,0,0,1],"contentsRect":{"y":0,"x":0,"width":1,"height":1},"opacity":1,"edgeAntialiasingMask":15,"height":85.70995926856995,"hidden":false,"anchorPoint":{"pointX":0.5,"pointY":0.5}},"layers":[{"animations":[{"repeatCount":0,"animations":[{"from":{"scalar":0},"beginTime":1.3334,"repeatCount":0,"fillMode":"both","property":"opacity","duration":0.6666,"timingFunction":"easeInEaseOut","to":{"scalar":1}},{"from":{"scalar":false},"beginTime":1.3334,"repeatCount":0,"fillMode":"forwards","property":"hidden","duration":0.6665999999999999,"to":{"scalar":false}}],"beginTime":0,"fillMode":"both","duration":2}],"layers":[],"initialState":{"affineTransform":[1,0,0,1,0,0],"masksToBounds":false,"rotation":0,"scale":1,"position":{"pointX":144.5143432617188,"pointY":48.14587318897247},"width":279,"sublayerTransform":[1,0,0,0,0,1,0,0,0,0,1,0,0,0,0,1],"contentsRect":{"y":0,"x":0,"width":1,"height":1},"opacity":1,"edgeAntialiasingMask":0,"height":70,"hidden":true,"anchorPoint":{"pointX":0.5,"pointY":0.5}},"texture":"D8C1F5AC34EA09AD5E5EDFDFA2307D73"}]},{"animations":[{"repeatCount":0,"animations":[{"from":{"scalar":4},"beginTime":0,"repeatCount":0,"fillMode":"both","property":"zPosition","duration":2,"timingFunction":"easeInEaseOut","to":{"scalar":4}}],"beginTime":0,"fillMode":"both","duration":2}],"initialState":{"affineTransform":[1,0,0,1,0,0],"masksToBounds":false,"rotation":0,"scale":1,"position":{"pointX":511.9999933242798,"pointY":550.4174194335938},"width":696.4401721954346,"sublayerTransform":[1,0,0,0,0,1,0,0,0,0,1,0,0,0,0,1],"contentsRect":{"y":0,"x":0,"width":1,"height":1},"opacity":1,"edgeAntialiasingMask":15,"height":85.70995926856995,"hidden":false,"anchorPoint":{"pointX":0.5,"pointY":0.5}},"layers":[{"animations":[{"repeatCount":0,"animations":[{"from":{"scalar":0},"beginTime":1.3334,"repeatCount":0,"fillMode":"both","property":"opacity","duration":0.6666,"timingFunction":"easeInEaseOut","to":{"scalar":1}},{"from":{"scalar":false},"beginTime":1.3334,"repeatCount":0,"fillMode":"forwards","property":"hidden","duration":0.6665999999999999,"to":{"scalar":false}}],"beginTime":0,"fillMode":"both","duration":2}],"layers":[],"initialState":{"affineTransform":[1,0,0,1,0,0],"masksToBounds":false,"rotation":0,"scale":1,"position":{"pointX":338.2200927734375,"pointY":48.43756020069122},"width":668,"sublayerTransform":[1,0,0,0,0,1,0,0,0,0,1,0,0,0,0,1],"contentsRect":{"y":0,"x":0,"width":1,"height":1},"opacity":1,"edgeAntialiasingMask":0,"height":68,"hidden":true,"anchorPoint":{"pointX":0.5,"pointY":0.5}},"texture":"F2AFF8263D60838F86C4B35CA03F1008"}]},{"animations":[{"repeatCount":0,"animations":[{"from":{"scalar":5},"beginTime":0,"repeatCount":0,"fillMode":"both","property":"zPosition","duration":2,"timingFunction":"easeInEaseOut","to":{"scalar":8}}],"beginTime":0,"fillMode":"both","duration":2}],"initialState":{"affineTransform":[1,0,0,1,0,0],"masksToBounds":false,"rotation":0,"scale":1,"position":{"pointX":512.0000287749499,"pointY":55.35555648803711},"width":1024.847421141094,"sublayerTransform":[1,0,0,0,0,1,0,0,0,0,1,0,0,0,0,1],"contentsRect":{"y":0,"x":0,"width":1,"height":1},"opacity":1,"edgeAntialiasingMask":15,"height":2,"hidden":false,"anchorPoint":{"pointX":0.5,"pointY":0.5}},"layers":[{"animations":[{"repeatCount":0,"animations":[{"from":{"texture":"FE5A985DBAA7D8C8DAFAA13E29B4AD39"},"beginTime":0,"repeatCount":0,"fillMode":"both","property":"contents","duration":2,"timingFunction":"easeInEaseOut","to":{"texture":"FE5A985DBAA7D8C8DAFAA13E29B4AD39"}},{"from":{"scalar":-3.295228373362377e-16},"beginTime":0,"repeatCount":0,"fillMode":"both","property":"transform.rotation.z","duration":2,"to":{"scalar":-3.295228373362377e-16}}],"beginTime":0,"fillMode":"both","duration":2}],"layers":[],"initialState":{"affineTransform":[1,0,0,1,0,0],"masksToBounds":false,"rotation":0,"scale":1,"position":{"pointX":512.4237060546875,"pointY":0.9999999999999999},"width":1028,"sublayerTransform":[1,0,0,0,0,1,0,0,0,0,1,0,0,0,0,1],"contentsRect":{"y":0,"x":0,"width":1,"height":1},"opacity":1,"edgeAntialiasingMask":0,"height":5,"hidden":false,"anchorPoint":{"pointX":0.500000023598337,"pointY":0.4711112976074219}},"texture":"FE5A985DBAA7D8C8DAFAA13E29B4AD39"}]},{"animations":[{"repeatCount":0,"animations":[{"from":{"scalar":6},"beginTime":0,"repeatCount":0,"fillMode":"both","property":"zPosition","duration":2,"timingFunction":"easeInEaseOut","to":{"scalar":6}}],"beginTime":0,"fillMode":"both","duration":2}],"initialState":{"affineTransform":[1,0,0,1,0,0],"masksToBounds":false,"rotation":0,"scale":1,"position":{"pointX":68.93915748596191,"pointY":38.36668667197227},"width":133.4970374107361,"sublayerTransform":[1,0,0,0,0,1,0,0,0,0,1,0,0,0,0,1],"contentsRect":{"y":0,"x":0,"width":1,"height":1},"opacity":1,"edgeAntialiasingMask":15,"height":42.82273262739182,"hidden":false,"anchorPoint":{"pointX":0.5,"pointY":0.5}},"layers":[{"animations":[{"repeatCount":0,"animations":[{"from":{"texture":"3B5303A1ADA7561EFECC8200CC7F852C"},"beginTime":0,"repeatCount":0,"fillMode":"both","property":"contents","duration":2,"timingFunction":"easeInEaseOut","to":{"texture":"B9943C0F0F821ABBEF00F0B2BB8D844D"}},{"from":{"pointX":0,"pointY":0},"beginTime":0,"repeatCount":0,"fillMode":"both","property":"transform.translation","duration":2,"timingFunction":"easeInEaseOut","to":{"pointX":443,"pointY":346}}],"beginTime":0,"fillMode":"both","duration":2}],"layers":[],"initialState":{"affineTransform":[1,0,0,1,0,0],"masksToBounds":false,"rotation":0,"scale":1,"position":{"pointX":68.30936121940613,"pointY":21.54467964172363},"width":123,"sublayerTransform":[1,0,0,0,0,1,0,0,0,0,1,0,0,0,0,1],"contentsRect":{"y":0,"x":0,"width":1,"height":1},"opacity":1,"edgeAntialiasingMask":0,"height":25,"hidden":false,"anchorPoint":{"pointX":0.5,"pointY":0.5}},"texture":"3B5303A1ADA7561EFECC8200CC7F852C"}]},{"animations":[{"repeatCount":0,"animations":[{"from":{"scalar":7},"beginTime":0,"repeatCount":0,"fillMode":"both","property":"zPosition","duration":2,"timingFunction":"easeInEaseOut","to":{"scalar":7}}],"beginTime":0,"fillMode":"both","duration":2}],"initialState":{"affineTransform":[1,0,0,1,0,0],"masksToBounds":false,"rotation":0,"scale":1,"position":{"pointX":58.42178440093994,"pointY":706.710563659668},"width":86.01426696777344,"sublayerTransform":[1,0,0,0,0,1,0,0,0,0,1,0,0,0,0,1],"contentsRect":{"y":0,"x":0,"width":1,"height":1},"opacity":1,"edgeAntialiasingMask":15,"height":86.01426696777344,"hidden":false,"anchorPoint":{"pointX":0.5,"pointY":0.5}},"layers":[{"animations":[{"repeatCount":0,"animations":[{"from":{"texture":"7458444C9002C61F29D4D9EA5F425342"},"beginTime":0,"repeatCount":0,"fillMode":"both","property":"contents","duration":2,"timingFunction":"easeInEaseOut","to":{"texture":"040C0D4BCE185D37DB3F03B15E69CF44"}},{"from":{"scalar":1},"beginTime":0,"repeatCount":0,"fillMode":"both","property":"transform.scale.x","duration":2,"timingFunction":"easeInEaseOut","to":{"scalar":1}},{"from":{"scalar":1},"beginTime":0,"repeatCount":0,"fillMode":"both","property":"transform.scale.y","duration":2,"timingFunction":"easeInEaseOut","to":{"scalar":1.01123595505618}},{"from":{"pointX":0,"pointY":0},"beginTime":0,"repeatCount":0,"fillMode":"both","property":"transform.translation","duration":2,"timingFunction":"easeInEaseOut","to":{"pointX":328.7710180282593,"pointY":-322.7106018066406}},{"from":{"pointX":0.499121173044269,"pointY":0.5023658838164941},"beginTime":0,"repeatCount":0,"fillMode":"both","property":"anchorPoint","duration":2,"timingFunction":"easeInEaseOut","to":{"pointX":0.4965483419011148,"pointY":0.4999995761447483}}],"beginTime":0,"fillMode":"both","duration":2}],"layers":[],"initialState":{"affineTransform":[1,0,0,1,0,0],"masksToBounds":false,"rotation":0,"scale":1,"position":{"pointX":43.00713348388672,"pointY":43.00713348388672},"width":89,"sublayerTransform":[1,0,0,0,0,1,0,0,0,0,1,0,0,0,0,1],"contentsRect":{"y":0,"x":0,"width":1,"height":1},"opacity":1,"edgeAntialiasingMask":0,"height":89,"hidden":false,"anchorPoint":{"pointX":0.499121173044269,"pointY":0.5023658838164941}},"texture":"7458444C9002C61F29D4D9EA5F425342"}]},{"animations":[{"repeatCount":0,"animations":[{"from":{"scalar":8},"beginTime":0,"repeatCount":0,"fillMode":"both","property":"zPosition","duration":2,"timingFunction":"easeInEaseOut","to":{"scalar":5}}],"beginTime":0,"fillMode":"both","duration":2}],"initialState":{"affineTransform":[1,0,0,1,0,0],"masksToBounds":false,"rotation":0,"scale":1,"position":{"pointX":963.3741607666016,"pointY":706.7105865478516},"width":86.01431274414062,"sublayerTransform":[1,0,0,0,0,1,0,0,0,0,1,0,0,0,0,1],"contentsRect":{"y":0,"x":0,"width":1,"height":1},"opacity":1,"edgeAntialiasingMask":15,"height":86.01431274414062,"hidden":false,"anchorPoint":{"pointX":0.5,"pointY":0.5}},"layers":[{"animations":[{"repeatCount":0,"animations":[{"from":{"texture":"854EA35D2567847B92D05A1BFE13DFBB"},"beginTime":0,"repeatCount":0,"fillMode":"both","property":"contents","duration":2,"timingFunction":"easeInEaseOut","to":{"texture":"8365B9E37453E77726BEB0030DC60592"}},{"from":{"scalar":1},"beginTime":0,"repeatCount":0,"fillMode":"both","property":"transform.scale.x","duration":2,"timingFunction":"easeInEaseOut","to":{"scalar":1}},{"from":{"scalar":1},"beginTime":0,"repeatCount":0,"fillMode":"both","property":"transform.scale.y","duration":2,"timingFunction":"easeInEaseOut","to":{"scalar":1.01123595505618}},{"from":{"pointX":0,"pointY":0},"beginTime":0,"repeatCount":0,"fillMode":"both","property":"transform.translation","duration":2,"timingFunction":"easeInEaseOut","to":{"pointX":-326.5669555664062,"pointY":-322.7106018066406}},{"from":{"pointX":0.4985860760292311,"pointY":0.5023661409870962},"beginTime":0,"repeatCount":0,"fillMode":"both","property":"anchorPoint","duration":2,"timingFunction":"easeInEaseOut","to":{"pointX":0.5034517438224192,"pointY":0.4999998304578993}}],"beginTime":0,"fillMode":"both","duration":2}],"layers":[],"initialState":{"affineTransform":[1,0,0,1,0,0],"masksToBounds":false,"rotation":0,"scale":1,"position":{"pointX":43.00715637207031,"pointY":43.00715637207031},"width":89,"sublayerTransform":[1,0,0,0,0,1,0,0,0,0,1,0,0,0,0,1],"contentsRect":{"y":0,"x":0,"width":1,"height":1},"opacity":1,"edgeAntialiasingMask":0,"height":89,"hidden":false,"anchorPoint":{"pointX":0.4985860760292311,"pointY":0.5023661409870962}},"texture":"854EA35D2567847B92D05A1BFE13DFBB"}]}]},"effects":[],"duration":2,"type":"transition","name":"apple:magic-move-implied-motion-path","objectID":"0"}],"automaticPlay":false,"hyperlinks":[],"accessibility":[{"text":"ios_location_lrg.png","targetRectangle":{"y":663.7034301757812,"x":15.41465091705322,"width":86.01426696777344,"height":86.01426696777344}},{"text":"¿Preguntas?","targetRectangle":{"y":336,"x":290.440015258789,"width":443.1200000000001,"height":96}},{"text":"icon_BT.png","targetRectangle":{"y":663.7034301757812,"x":920.3670043945312,"width":86.01431274414062,"height":86.01431274414062}},{"text":"iBeacons","targetRectangle":{"y":20.95532035827637,"x":8.155138678054819,"width":121.56804,"height":35}}],"baseLayer":{"animations":[],"initialState":{"affineTransform":[1,0,0,1,0,0],"masksToBounds":true,"rotation":0,"scale":1,"position":{"pointX":512,"pointY":384},"width":1024,"sublayerTransform":[1,0,0,0,0,1,0,0,0,0,1,0,0,0,0,1],"contentsRect":{"y":0,"x":0,"width":1,"height":1},"opacity":1,"edgeAntialiasingMask":0,"height":768,"hidden":false,"anchorPoint":{"pointX":0.5,"pointY":0.5}},"objectID":"0","layers":[{"animations":[],"initialState":{"affineTransform":[1,0,0,1,0,0],"masksToBounds":false,"rotation":0,"scale":1,"position":{"pointX":512,"pointY":384},"width":1024,"sublayerTransform":[1,0,0,0,0,1,0,0,0,0,1,0,0,0,0,1],"contentsRect":{"y":0,"x":0,"width":1,"height":1},"opacity":1,"edgeAntialiasingMask":15,"height":768,"hidden":false,"anchorPoint":{"pointX":0.5,"pointY":0.5}},"layers":[{"animations":[],"initialState":{"affineTransform":[1,0,0,1,0,0],"masksToBounds":false,"rotation":0,"scale":1,"position":{"pointX":512,"pointY":384},"width":1024,"sublayerTransform":[1,0,0,0,0,1,0,0,0,0,1,0,0,0,0,1],"contentsRect":{"y":0,"x":0,"width":1,"height":1},"opacity":1,"edgeAntialiasingMask":15,"height":768,"hidden":false,"anchorPoint":{"pointX":0.5,"pointY":0.5}},"layers":[{"animations":[],"layers":[],"initialState":{"affineTransform":[1,0,0,1,0,0],"masksToBounds":false,"rotation":0,"scale":1,"position":{"pointX":512,"pointY":384},"width":1024,"sublayerTransform":[1,0,0,0,0,1,0,0,0,0,1,0,0,0,0,1],"contentsRect":{"y":0,"x":0,"width":1,"height":1},"opacity":1,"edgeAntialiasingMask":0,"height":768,"hidden":false,"anchorPoint":{"pointX":0.5,"pointY":0.5}},"texture":"DB8451458D98EFA7506DBEBC2B1323F0"}]}]},{"animations":[],"initialState":{"affineTransform":[1,0,0,1,0,0],"masksToBounds":false,"rotation":0,"scale":1,"position":{"pointX":512.0000038146973,"pointY":384.0000023841858},"width":873.9999771118164,"sublayerTransform":[1,0,0,0,0,1,0,0,0,0,1,0,0,0,0,1],"contentsRect":{"y":0,"x":0,"width":1,"height":1},"opacity":1,"edgeAntialiasingMask":15,"height":170.0000047683716,"hidden":false,"anchorPoint":{"pointX":0.5,"pointY":0.5}},"layers":[{"animations":[],"layers":[],"initialState":{"affineTransform":[1,0,0,1,0,0],"masksToBounds":false,"rotation":0,"scale":1,"position":{"pointX":437.4999847412109,"pointY":93.5},"width":443,"sublayerTransform":[1,0,0,0,0,1,0,0,0,0,1,0,0,0,0,1],"contentsRect":{"y":0,"x":0,"width":1,"height":1},"opacity":1,"edgeAntialiasingMask":0,"height":79,"hidden":false,"anchorPoint":{"pointX":0.5,"pointY":0.5}},"texture":"BB396582AFCAB3C8454FD9434FFE1DC3"}]},{"animations":[],"initialState":{"affineTransform":[1,0,0,1,0,0],"masksToBounds":false,"rotation":0,"scale":1,"position":{"pointX":512,"pointY":105.0000009536743},"width":955.4218292236328,"sublayerTransform":[1,0,0,0,0,1,0,0,0,0,1,0,0,0,0,1],"contentsRect":{"y":0,"x":0,"width":1,"height":1},"opacity":1,"edgeAntialiasingMask":15,"height":116.2916660308838,"hidden":false,"anchorPoint":{"pointX":0.5,"pointY":0.5}},"layers":[{"animations":[],"layers":[],"initialState":{"affineTransform":[1,0,0,1,0,0],"masksToBounds":false,"rotation":0,"scale":1,"position":{"pointX":477.7109146118164,"pointY":65.64583206176758},"width":336,"sublayerTransform":[1,0,0,0,0,1,0,0,0,0,1,0,0,0,0,1],"contentsRect":{"y":0,"x":0,"width":1,"height":1},"opacity":1,"edgeAntialiasingMask":0,"height":83,"hidden":true,"anchorPoint":{"pointX":0.5,"pointY":0.5}},"texture":"087FE9F991BE0919BCB3237C5E9BB44A"}]},{"animations":[],"initialState":{"affineTransform":[1,0,0,1,0,0],"masksToBounds":false,"rotation":0,"scale":1,"position":{"pointX":512.0000114440918,"pointY":647.7091064453125},"width":296.0287094116211,"sublayerTransform":[1,0,0,0,0,1,0,0,0,0,1,0,0,0,0,1],"contentsRect":{"y":0,"x":0,"width":1,"height":1},"opacity":1,"edgeAntialiasingMask":15,"height":85.70995926856995,"hidden":false,"anchorPoint":{"pointX":0.5,"pointY":0.5}},"layers":[{"animations":[],"layers":[],"initialState":{"affineTransform":[1,0,0,1,0,0],"masksToBounds":false,"rotation":0,"scale":1,"position":{"pointX":144.5143432617188,"pointY":48.14587318897247},"width":279,"sublayerTransform":[1,0,0,0,0,1,0,0,0,0,1,0,0,0,0,1],"contentsRect":{"y":0,"x":0,"width":1,"height":1},"opacity":1,"edgeAntialiasingMask":0,"height":70,"hidden":true,"anchorPoint":{"pointX":0.5,"pointY":0.5}},"texture":"D8C1F5AC34EA09AD5E5EDFDFA2307D73"}]},{"animations":[],"initialState":{"affineTransform":[1,0,0,1,0,0],"masksToBounds":false,"rotation":0,"scale":1,"position":{"pointX":511.9999933242798,"pointY":550.4174194335938},"width":696.4401721954346,"sublayerTransform":[1,0,0,0,0,1,0,0,0,0,1,0,0,0,0,1],"contentsRect":{"y":0,"x":0,"width":1,"height":1},"opacity":1,"edgeAntialiasingMask":15,"height":85.70995926856995,"hidden":false,"anchorPoint":{"pointX":0.5,"pointY":0.5}},"layers":[{"animations":[],"layers":[],"initialState":{"affineTransform":[1,0,0,1,0,0],"masksToBounds":false,"rotation":0,"scale":1,"position":{"pointX":338.2200927734375,"pointY":48.43756020069122},"width":668,"sublayerTransform":[1,0,0,0,0,1,0,0,0,0,1,0,0,0,0,1],"contentsRect":{"y":0,"x":0,"width":1,"height":1},"opacity":1,"edgeAntialiasingMask":0,"height":68,"hidden":true,"anchorPoint":{"pointX":0.5,"pointY":0.5}},"texture":"F2AFF8263D60838F86C4B35CA03F1008"}]},{"animations":[],"initialState":{"affineTransform":[1,0,0,1,0,0],"masksToBounds":false,"rotation":0,"scale":1,"position":{"pointX":512.0000287749499,"pointY":55.35555648803711},"width":1024.847421141094,"sublayerTransform":[1,0,0,0,0,1,0,0,0,0,1,0,0,0,0,1],"contentsRect":{"y":0,"x":0,"width":1,"height":1},"opacity":1,"edgeAntialiasingMask":15,"height":2,"hidden":false,"anchorPoint":{"pointX":0.5,"pointY":0.5}},"layers":[{"animations":[],"layers":[],"initialState":{"affineTransform":[1,0,0,1,0,0],"masksToBounds":false,"rotation":0,"scale":1,"position":{"pointX":512.4237060546875,"pointY":0.9999999999999999},"width":1028,"sublayerTransform":[1,0,0,0,0,1,0,0,0,0,1,0,0,0,0,1],"contentsRect":{"y":0,"x":0,"width":1,"height":1},"opacity":1,"edgeAntialiasingMask":0,"height":5,"hidden":false,"anchorPoint":{"pointX":0.500000023598337,"pointY":0.4711112976074219}},"texture":"FE5A985DBAA7D8C8DAFAA13E29B4AD39"}]},{"animations":[],"initialState":{"affineTransform":[1,0,0,1,0,0],"masksToBounds":false,"rotation":0,"scale":1,"position":{"pointX":68.93915748596191,"pointY":38.36668667197227},"width":133.4970374107361,"sublayerTransform":[1,0,0,0,0,1,0,0,0,0,1,0,0,0,0,1],"contentsRect":{"y":0,"x":0,"width":1,"height":1},"opacity":1,"edgeAntialiasingMask":15,"height":42.82273262739182,"hidden":false,"anchorPoint":{"pointX":0.5,"pointY":0.5}},"layers":[{"animations":[],"layers":[],"initialState":{"affineTransform":[1,0,0,1,0,0],"masksToBounds":false,"rotation":0,"scale":1,"position":{"pointX":68.30936121940613,"pointY":21.54467964172363},"width":123,"sublayerTransform":[1,0,0,0,0,1,0,0,0,0,1,0,0,0,0,1],"contentsRect":{"y":0,"x":0,"width":1,"height":1},"opacity":1,"edgeAntialiasingMask":0,"height":25,"hidden":false,"anchorPoint":{"pointX":0.5,"pointY":0.5}},"texture":"3B5303A1ADA7561EFECC8200CC7F852C"}]},{"animations":[],"initialState":{"affineTransform":[1,0,0,1,0,0],"masksToBounds":false,"rotation":0,"scale":1,"position":{"pointX":58.42178440093994,"pointY":706.710563659668},"width":86.01426696777344,"sublayerTransform":[1,0,0,0,0,1,0,0,0,0,1,0,0,0,0,1],"contentsRect":{"y":0,"x":0,"width":1,"height":1},"opacity":1,"edgeAntialiasingMask":15,"height":86.01426696777344,"hidden":false,"anchorPoint":{"pointX":0.5,"pointY":0.5}},"layers":[{"animations":[],"layers":[],"initialState":{"affineTransform":[1,0,0,1,0,0],"masksToBounds":false,"rotation":0,"scale":1,"position":{"pointX":43.00713348388672,"pointY":43.00713348388672},"width":89,"sublayerTransform":[1,0,0,0,0,1,0,0,0,0,1,0,0,0,0,1],"contentsRect":{"y":0,"x":0,"width":1,"height":1},"opacity":1,"edgeAntialiasingMask":0,"height":89,"hidden":false,"anchorPoint":{"pointX":0.499121173044269,"pointY":0.5023658838164941}},"texture":"7458444C9002C61F29D4D9EA5F425342"}]},{"animations":[],"initialState":{"affineTransform":[1,0,0,1,0,0],"masksToBounds":false,"rotation":0,"scale":1,"position":{"pointX":963.3741607666016,"pointY":706.7105865478516},"width":86.01431274414062,"sublayerTransform":[1,0,0,0,0,1,0,0,0,0,1,0,0,0,0,1],"contentsRect":{"y":0,"x":0,"width":1,"height":1},"opacity":1,"edgeAntialiasingMask":15,"height":86.01431274414062,"hidden":false,"anchorPoint":{"pointX":0.5,"pointY":0.5}},"layers":[{"animations":[],"layers":[],"initialState":{"affineTransform":[1,0,0,1,0,0],"masksToBounds":false,"rotation":0,"scale":1,"position":{"pointX":43.00715637207031,"pointY":43.00715637207031},"width":89,"sublayerTransform":[1,0,0,0,0,1,0,0,0,0,1,0,0,0,0,1],"contentsRect":{"y":0,"x":0,"width":1,"height":1},"opacity":1,"edgeAntialiasingMask":0,"height":89,"hidden":false,"anchorPoint":{"pointX":0.4985860760292311,"pointY":0.5023661409870962}},"texture":"854EA35D2567847B92D05A1BFE13DFBB"}]}]}}]}