{"assets":{"EFCFAF56518025498875DE42887E0591":{"type":"texture","index":31,"assetRequest":{"type":"slide","state":"contents","slide":"3EB29243-8456-40ED-98F3-2492B9373D02"},"url":"assets/EFCFAF56518025498875DE42887E0591.svg","width":669,"height":256},"71800BC6C8703AEBCECE18A7783C9269":{"type":"texture","index":30,"assetRequest":{"type":"slide","state":"contents","slide":"3EB29243-8456-40ED-98F3-2492B9373D02"},"url":"assets/71800BC6C8703AEBCECE18A7783C9269.svg","width":266,"height":266},"BB3AFA1713119A3FCA47ECC17E606B69":{"type":"texture","index":32,"assetRequest":{"type":"slide","state":"contents","slide":"3EB29243-8456-40ED-98F3-2492B9373D02"},"url":"assets/BB3AFA1713119A3FCA47ECC17E606B69.svg","width":196,"height":38},"DB8451458D98EFA7506DBEBC2B1323F0":{"type":"texture","index":29,"assetRequest":{"type":"slide","state":"contents","slide":"3EB29243-8456-40ED-98F3-2492B9373D02"},"url":"assets/DB8451458D98EFA7506DBEBC2B1323F0.svg","width":1024,"height":768},"B38B4651FE7297B522CE5A40401C1F06":{"type":"texture","index":36,"assetRequest":{"type":"slide","state":"text","slide":"3EB29243-8456-40ED-98F3-2492B9373D02"},"url":"assets/B38B4651FE7297B522CE5A40401C1F06.svg","width":353,"height":53},"6435BEFE4B657B418BFF8FC3BD45C00E":{"type":"texture","index":40,"assetRequest":{"type":"slide","state":"text","slide":"3EB29243-8456-40ED-98F3-2492B9373D02"},"url":"assets/6435BEFE4B657B418BFF8FC3BD45C00E.svg","width":130,"height":31},"1E461CF02EAB291CD63C19E6FD8B3E25":{"type":"texture","index":38,"assetRequest":{"type":"slide","state":"text","slide":"3EB29243-8456-40ED-98F3-2492B9373D02"},"url":"assets/1E461CF02EAB291CD63C19E6FD8B3E25.svg","width":255,"height":32},"FE5A985DBAA7D8C8DAFAA13E29B4AD39":{"type":"texture","index":34,"assetRequest":{"type":"slide","state":"contents","slide":"3EB29243-8456-40ED-98F3-2492B9373D02"},"url":"assets/FE5A985DBAA7D8C8DAFAA13E29B4AD39.svg","width":1028,"height":5},"3B5303A1ADA7561EFECC8200CC7F852C":{"type":"texture","index":42,"assetRequest":{"type":"slide","state":"contents","slide":"3EB29243-8456-40ED-98F3-2492B9373D02"},"url":"assets/3B5303A1ADA7561EFECC8200CC7F852C.svg","width":123,"height":25},"892BEDA7ECD2F5F4AAF4F486CA0D66C4":{"type":"texture","index":41,"assetRequest":{"type":"slide","state":"object","slide":"3EB29243-8456-40ED-98F3-2492B9373D02"},"url":"assets/892BEDA7ECD2F5F4AAF4F486CA0D66C4.svg","width":682,"height":550},"C352E1707DFDF047A5BBF8E7BA8DD551":{"type":"texture","index":35,"assetRequest":{"type":"slide","state":"contents","slide":"3EB29243-8456-40ED-98F3-2492B9373D02"},"url":"assets/C352E1707DFDF047A5BBF8E7BA8DD551.svg","width":121,"height":95},"0297C0E0315DC22DB832A86C57FBB91A":{"type":"texture","index":39,"assetRequest":{"type":"slide","state":"text","slide":"3EB29243-8456-40ED-98F3-2492B9373D02"},"url":"assets/0297C0E0315DC22DB832A86C57FBB91A.svg","width":667,"height":27},"2AE82B20225AFE7B9E4AFE624966A395":{"type":"texture","index":33,"assetRequest":{"type":"slide","state":"contents","slide":"3EB29243-8456-40ED-98F3-2492B9373D02"},"url":"assets/2AE82B20225AFE7B9E4AFE624966A395.svg","width":191,"height":24},"909DDB3EB1D81413525F2FC68EC35B53":{"type":"texture","index":37,"assetRequest":{"type":"slide","state":"text","slide":"3EB29243-8456-40ED-98F3-2492B9373D02"},"url":"assets/909DDB3EB1D81413525F2FC68EC35B53.svg","width":276,"height":32}},"events":[{"effects":[{"beginTime":0,"baseLayer":{"animations":[],"initialState":{"affineTransform":[1,0,0,1,0,0],"masksToBounds":false,"rotation":0,"scale":1,"position":{"pointX":512.0000287749499,"pointY":58.37508392333984},"width":1024.847421141094,"sublayerTransform":[1,0,0,0,0,1,0,0,0,0,1,0,0,0,0,1],"contentsRect":{"y":0,"x":0,"width":1,"height":1},"opacity":1,"edgeAntialiasingMask":15,"height":2.000000000000341,"hidden":false,"anchorPoint":{"pointX":0.5,"pointY":0.5}},"objectID":"729274E3-C51C-436B-9A37-A43A640E2225","layers":[{"animations":[],"initialState":{"affineTransform":[1,0,0,1,0,0],"masksToBounds":false,"rotation":0,"scale":1,"position":{"pointX":512.4236817955971,"pointY":326.6249160766603},"width":1024.847421141094,"sublayerTransform":[1,0,0,0,0,1,0,0,0,0,1,-0.0004922987690640373,0,0,0,1],"contentsRect":{"y":0,"x":0,"width":1,"height":1},"opacity":1,"edgeAntialiasingMask":15,"height":2.000000000000341,"hidden":false,"anchorPoint":{"pointX":0.4999999719226986,"pointY":163.3124580383023}},"layers":[{"animations":[{"repeatCount":0,"animations":[{"timingFunctions":[{"timingFunction":"custom","timingControlPoint1y":0.4998149275779724,"timingControlPoint2x":0.6016100645065308,"timingControlPoint1x":0.4063220918178558,"timingControlPoint2y":1}],"values":[{"pointX":-517.1526364088058,"pointY":1.124916076660327},{"pointX":512.4236817955971,"pointY":1.124916076660327}],"beginTime":0,"repeatCount":0,"keyTimes":[0,1],"property":"position","fillMode":"both","duration":1},{"from":{"scalar":false},"beginTime":0,"repeatCount":0,"fillMode":"forwards","property":"hidden","duration":1,"to":{"scalar":false}}],"beginTime":1e-100,"fillMode":"both","duration":1}],"layers":[],"initialState":{"affineTransform":[1,0,0,1,0,0],"masksToBounds":false,"rotation":0,"scale":1,"position":{"pointX":512.4236817955971,"pointY":1.124916076660327},"width":1028,"sublayerTransform":[1,0,0,0,0,1,0,0,0,0,1,0,0,0,0,1],"contentsRect":{"y":0,"x":0,"width":1,"height":1},"opacity":1,"edgeAntialiasingMask":0,"height":5,"hidden":true,"anchorPoint":{"pointX":0.5,"pointY":0.5}},"texture":"FE5A985DBAA7D8C8DAFAA13E29B4AD39"}]}]},"effects":[],"duration":1,"type":"buildIn","name":"apple:move in character","objectID":"729274E3-C51C-436B-9A37-A43A640E2225"}],"automaticPlay":true,"hyperlinks":[],"accessibility":[{"text":"iOS7-logo.png","targetRectangle":{"y":664.7026977539062,"x":36.82355499267578,"width":92.14490509033203,"height":88.53137969970703}},{"text":"micro locations","targetRectangle":{"y":725.17626953125,"x":825.2227699584961,"width":189.336,"height":34}},{"text":"XcodeLogo.png","targetRectangle":{"y":703.7194671630859,"x":8.909856796264648,"width":56.39759063720703,"height":55.2127685546875}},{"text":"Ezequiel Aceto","targetRectangle":{"y":252.9907241463661,"x":318.9323120117188,"width":355.9814453125,"height":59}},{"text":"CTO de Everypost","targetRectangle":{"y":345.9907241463661,"x":346.5638910531998,"width":246.2109375,"height":33.0185546875}},{"text":"Desarrollador mobile desde…bueno… Palm OS","targetRectangle":{"y":413.9907241463661,"x":346.5638910531998,"width":638.642578125,"height":33.0185546875}},{"text":"Twitter: @eaceto","targetRectangle":{"y":481.9907241463661,"x":346.5638910531998,"width":225.5419921875,"height":33.0185546875}},{"text":"iBeacons","targetRectangle":{"y":3.779405638575554,"x":821.2939199584961,"width":197.1937,"height":56}},{"text":"577946_488347954541069_2089424377_n.jpg","targetRectangle":{"y":252.6839447021484,"x":38,"width":263.2500610351562,"height":262.6321105957031}}],"baseLayer":{"animations":[],"initialState":{"affineTransform":[1,0,0,1,0,0],"masksToBounds":true,"rotation":0,"scale":1,"position":{"pointX":512,"pointY":384},"width":1024,"sublayerTransform":[1,0,0,0,0,1,0,0,0,0,1,0,0,0,0,1],"contentsRect":{"y":0,"x":0,"width":1,"height":1},"opacity":1,"edgeAntialiasingMask":0,"height":768,"hidden":false,"anchorPoint":{"pointX":0.5,"pointY":0.5}},"layers":[{"animations":[],"initialState":{"affineTransform":[1,0,0,1,0,0],"masksToBounds":false,"rotation":0,"scale":1,"position":{"pointX":512,"pointY":384},"width":1024,"sublayerTransform":[1,0,0,0,0,1,0,0,0,0,1,0,0,0,0,1],"contentsRect":{"y":0,"x":0,"width":1,"height":1},"opacity":1,"edgeAntialiasingMask":15,"height":768,"hidden":false,"anchorPoint":{"pointX":0.5,"pointY":0.5}},"layers":[{"animations":[],"initialState":{"affineTransform":[1,0,0,1,0,0],"masksToBounds":false,"rotation":0,"scale":1,"position":{"pointX":512,"pointY":384},"width":1024,"sublayerTransform":[1,0,0,0,0,1,0,0,0,0,1,0,0,0,0,1],"contentsRect":{"y":0,"x":0,"width":1,"height":1},"opacity":1,"edgeAntialiasingMask":15,"height":768,"hidden":false,"anchorPoint":{"pointX":0.5,"pointY":0.5}},"layers":[{"animations":[],"layers":[],"initialState":{"affineTransform":[1,0,0,1,0,0],"masksToBounds":false,"rotation":0,"scale":1,"position":{"pointX":512,"pointY":384},"width":1024,"sublayerTransform":[1,0,0,0,0,1,0,0,0,0,1,0,0,0,0,1],"contentsRect":{"y":0,"x":0,"width":1,"height":1},"opacity":1,"edgeAntialiasingMask":0,"height":768,"hidden":false,"anchorPoint":{"pointX":0.5,"pointY":0.5}},"texture":"DB8451458D98EFA7506DBEBC2B1323F0"}]}]},{"animations":[],"initialState":{"affineTransform":[1,0,0,1,0,0],"masksToBounds":false,"rotation":0,"scale":1,"position":{"pointX":512,"pointY":384},"width":1024,"sublayerTransform":[1,0,0,0,0,1,0,0,0,0,1,0,0,0,0,1],"contentsRect":{"y":0,"x":0,"width":1,"height":1},"opacity":1,"edgeAntialiasingMask":15,"height":768,"hidden":false,"anchorPoint":{"pointX":0.5,"pointY":0.5}},"layers":[{"animations":[],"initialState":{"affineTransform":[1,0,0,1,0,0],"masksToBounds":false,"rotation":0,"scale":1,"position":{"pointX":169.6250305175781,"pointY":384},"width":263.2500610351562,"sublayerTransform":[1,0,0,0,0,1,0,0,0,0,1,0,0,0,0,1],"contentsRect":{"y":0,"x":0,"width":1,"height":1},"opacity":1,"edgeAntialiasingMask":15,"height":262.6321105957031,"hidden":false,"anchorPoint":{"pointX":0.5,"pointY":0.5}},"objectID":"A4DC1A32-7928-4456-82AB-23BDF89865E4","layers":[{"animations":[],"layers":[],"initialState":{"affineTransform":[1,0,0,1,0,0],"masksToBounds":false,"rotation":0,"scale":1,"position":{"pointX":132,"pointY":131.3160552978516},"width":266,"sublayerTransform":[1,0,0,0,0,1,0,0,0,0,1,0,0,0,0,1],"contentsRect":{"y":0,"x":0,"width":1,"height":1},"opacity":1,"edgeAntialiasingMask":0,"height":266,"hidden":false,"anchorPoint":{"pointX":0.5,"pointY":0.5}},"texture":"71800BC6C8703AEBCECE18A7783C9269"}]}]},{"animations":[],"initialState":{"affineTransform":[1,0,0,1,0,0],"masksToBounds":false,"rotation":0,"scale":1,"position":{"pointX":512,"pointY":384},"width":1024,"sublayerTransform":[1,0,0,0,0,1,0,0,0,0,1,0,0,0,0,1],"contentsRect":{"y":0,"x":0,"width":1,"height":1},"opacity":1,"edgeAntialiasingMask":15,"height":768,"hidden":false,"anchorPoint":{"pointX":0.5,"pointY":0.5}},"layers":[{"animations":[],"initialState":{"affineTransform":[1,0,0,1,0,0],"masksToBounds":false,"rotation":0,"scale":1,"position":{"pointX":659.966166138649,"pointY":384},"width":690.0677082538605,"sublayerTransform":[1,0,0,0,0,1,0,0,0,0,1,0,0,0,0,1],"contentsRect":{"y":0,"x":0,"width":1,"height":1},"opacity":1,"edgeAntialiasingMask":15,"height":270.0185517072678,"hidden":false,"anchorPoint":{"pointX":0.5,"pointY":0.5}},"objectID":"3B6262FD-5D11-4462-8FA3-513FAA9E59FF","layers":[{"animations":[],"layers":[],"initialState":{"affineTransform":[1,0,0,1,0,0],"masksToBounds":false,"rotation":0,"scale":1,"position":{"pointX":337.5676879882812,"pointY":139.0092758536339},"width":669,"sublayerTransform":[1,0,0,0,0,1,0,0,0,0,1,0,0,0,0,1],"contentsRect":{"y":0,"x":0,"width":1,"height":1},"opacity":1,"edgeAntialiasingMask":0,"height":256,"hidden":false,"anchorPoint":{"pointX":0.5,"pointY":0.5}},"texture":"EFCFAF56518025498875DE42887E0591"}]}]},{"animations":[],"initialState":{"affineTransform":[1,0,0,1,0,0],"masksToBounds":false,"rotation":0,"scale":1,"position":{"pointX":512,"pointY":384},"width":1024,"sublayerTransform":[1,0,0,0,0,1,0,0,0,0,1,0,0,0,0,1],"contentsRect":{"y":0,"x":0,"width":1,"height":1},"opacity":1,"edgeAntialiasingMask":15,"height":768,"hidden":false,"anchorPoint":{"pointX":0.5,"pointY":0.5}},"layers":[{"animations":[],"initialState":{"affineTransform":[1,0,0,1,0,0],"masksToBounds":false,"rotation":0,"scale":1,"position":{"pointX":919.8907729387283,"pointY":31.75832752883434},"width":221.2560331821442,"sublayerTransform":[1,0,0,0,0,1,0,0,0,0,1,0,0,0,0,1],"contentsRect":{"y":0,"x":0,"width":1,"height":1},"opacity":1,"edgeAntialiasingMask":15,"height":63.95784378051758,"hidden":false,"anchorPoint":{"pointX":0.5,"pointY":0.5}},"objectID":"288564BF-DC24-4E7A-AC54-455D6C16F85F","layers":[{"animations":[],"layers":[],"initialState":{"affineTransform":[1,0,0,1,0,0],"masksToBounds":false,"rotation":0,"scale":1,"position":{"pointX":111.7372436523438,"pointY":32.22059436142445},"width":196,"sublayerTransform":[1,0,0,0,0,1,0,0,0,0,1,0,0,0,0,1],"contentsRect":{"y":0,"x":0,"width":1,"height":1},"opacity":1,"edgeAntialiasingMask":0,"height":38,"hidden":false,"anchorPoint":{"pointX":0.5,"pointY":0.5}},"texture":"BB3AFA1713119A3FCA47ECC17E606B69"}]}]},{"animations":[],"initialState":{"affineTransform":[1,0,0,1,0,0],"masksToBounds":false,"rotation":0,"scale":1,"position":{"pointX":512,"pointY":384},"width":1024,"sublayerTransform":[1,0,0,0,0,1,0,0,0,0,1,0,0,0,0,1],"contentsRect":{"y":0,"x":0,"width":1,"height":1},"opacity":1,"edgeAntialiasingMask":15,"height":768,"hidden":false,"anchorPoint":{"pointX":0.5,"pointY":0.5}},"layers":[{"animations":[],"initialState":{"affineTransform":[1,0,0,1,0,0],"masksToBounds":false,"rotation":0,"scale":1,"position":{"pointX":919.8907729387283,"pointY":742.5876355618238},"width":221.2560331821442,"sublayerTransform":[1,0,0,0,0,1,0,0,0,0,1,0,0,0,0,1],"contentsRect":{"y":0,"x":0,"width":1,"height":1},"opacity":1,"edgeAntialiasingMask":15,"height":42.82273206114769,"hidden":false,"anchorPoint":{"pointX":0.5,"pointY":0.5}},"objectID":"81B34785-027E-4D17-A6AD-7230F045A7F0","layers":[{"animations":[],"layers":[],"initialState":{"affineTransform":[1,0,0,1,0,0],"masksToBounds":false,"rotation":0,"scale":1,"position":{"pointX":111.2372436523438,"pointY":21.82373046875},"width":191,"sublayerTransform":[1,0,0,0,0,1,0,0,0,0,1,0,0,0,0,1],"contentsRect":{"y":0,"x":0,"width":1,"height":1},"opacity":1,"edgeAntialiasingMask":0,"height":24,"hidden":false,"anchorPoint":{"pointX":0.5,"pointY":0.5}},"texture":"2AE82B20225AFE7B9E4AFE624966A395"}]}]},{"animations":[],"initialState":{"affineTransform":[1,0,0,1,0,0],"masksToBounds":false,"rotation":0,"scale":1,"position":{"pointX":512,"pointY":384},"width":1024,"sublayerTransform":[1,0,0,0,0,1,0,0,0,0,1,0,0,0,0,1],"contentsRect":{"y":0,"x":0,"width":1,"height":1},"opacity":1,"edgeAntialiasingMask":15,"height":768,"hidden":false,"anchorPoint":{"pointX":0.5,"pointY":0.5}},"layers":[{"animations":[],"initialState":{"affineTransform":[1,0,0,1,0,0],"masksToBounds":false,"rotation":0,"scale":1,"position":{"pointX":512.0000287749499,"pointY":58.37508392333984},"width":1024.847421141094,"sublayerTransform":[1,0,0,0,0,1,0,0,0,0,1,0,0,0,0,1],"contentsRect":{"y":0,"x":0,"width":1,"height":1},"opacity":1,"edgeAntialiasingMask":15,"height":2.000000000000341,"hidden":false,"anchorPoint":{"pointX":0.5,"pointY":0.5}},"objectID":"729274E3-C51C-436B-9A37-A43A640E2225","layers":[{"animations":[],"layers":[],"initialState":{"affineTransform":[1,0,0,1,0,0],"masksToBounds":false,"rotation":0,"scale":1,"position":{"pointX":512.4236817955971,"pointY":1.124916076660327},"width":1028,"sublayerTransform":[1,0,0,0,0,1,0,0,0,0,1,0,0,0,0,1],"contentsRect":{"y":0,"x":0,"width":1,"height":1},"opacity":1,"edgeAntialiasingMask":0,"height":5,"hidden":true,"anchorPoint":{"pointX":0.5,"pointY":0.5}},"texture":"FE5A985DBAA7D8C8DAFAA13E29B4AD39"}]}]},{"animations":[],"initialState":{"affineTransform":[1,0,0,1,0,0],"masksToBounds":false,"rotation":0,"scale":1,"position":{"pointX":512,"pointY":384},"width":1024,"sublayerTransform":[1,0,0,0,0,1,0,0,0,0,1,0,0,0,0,1],"contentsRect":{"y":0,"x":0,"width":1,"height":1},"opacity":1,"edgeAntialiasingMask":15,"height":768,"hidden":false,"anchorPoint":{"pointX":0.5,"pointY":0.5}},"layers":[{"animations":[],"initialState":{"affineTransform":[1,0,0,1,0,0],"masksToBounds":false,"rotation":0,"scale":1,"position":{"pointX":68.93915748596191,"pointY":711.8174667358398},"width":120.0586013793945,"sublayerTransform":[1,0,0,0,0,1,0,0,0,0,1,0,0,0,0,1],"contentsRect":{"y":0,"x":0,"width":1,"height":1},"opacity":1,"edgeAntialiasingMask":15,"height":94.22953796386719,"hidden":false,"anchorPoint":{"pointX":0.5,"pointY":0.5}},"objectID":"A715AAE2-39F8-4B86-B3DB-8F412A2DC613","layers":[{"animations":[],"layers":[],"initialState":{"affineTransform":[1,0,0,1,0,0],"masksToBounds":false,"rotation":0,"scale":1,"position":{"pointX":59.59014320373535,"pointY":46.79730224609375},"width":121,"sublayerTransform":[1,0,0,0,0,1,0,0,0,0,1,0,0,0,0,1],"contentsRect":{"y":0,"x":0,"width":1,"height":1},"opacity":1,"edgeAntialiasingMask":0,"height":95,"hidden":false,"anchorPoint":{"pointX":0.5,"pointY":0.5}},"texture":"C352E1707DFDF047A5BBF8E7BA8DD551"}]}]}]}},{"effects":[{"beginTime":0,"baseLayer":{"animations":[],"initialState":{"affineTransform":[1,0,0,1,0,0],"masksToBounds":true,"rotation":0,"scale":1,"position":{"pointX":512,"pointY":384},"width":1024,"sublayerTransform":[1,0,0,0,0,1,0,0,0,0,1,0,0,0,0,1],"contentsRect":{"y":0,"x":0,"width":1,"height":1},"opacity":1,"edgeAntialiasingMask":0,"height":768,"hidden":false,"anchorPoint":{"pointX":0.5,"pointY":0.5}},"objectID":"0","layers":[{"animations":[],"initialState":{"affineTransform":[1,0,0,1,0,0],"masksToBounds":false,"rotation":0,"scale":1,"position":{"pointX":512,"pointY":384},"width":1024,"sublayerTransform":[1,0,0,0,0,1,0,0,0,0,1,0,0,0,0,1],"contentsRect":{"y":0,"x":0,"width":1,"height":1},"opacity":1,"edgeAntialiasingMask":15,"height":768,"hidden":false,"anchorPoint":{"pointX":0.5,"pointY":0.5}},"layers":[{"animations":[{"repeatCount":0,"animations":[{"from":{"scalar":0},"beginTime":0,"repeatCount":0,"fillMode":"both","property":"zPosition","duration":2,"timingFunction":"easeInEaseOut","to":{"scalar":0}}],"beginTime":0,"fillMode":"both","duration":2}],"initialState":{"affineTransform":[1,0,0,1,0,0],"masksToBounds":false,"rotation":0,"scale":1,"position":{"pointX":512,"pointY":384},"width":1024,"sublayerTransform":[1,0,0,0,0,1,0,0,0,0,1,0,0,0,0,1],"contentsRect":{"y":0,"x":0,"width":1,"height":1},"opacity":1,"edgeAntialiasingMask":15,"height":768,"hidden":false,"anchorPoint":{"pointX":0.5,"pointY":0.5}},"layers":[{"animations":[],"layers":[],"initialState":{"affineTransform":[1,0,0,1,0,0],"masksToBounds":false,"rotation":0,"scale":1,"position":{"pointX":512,"pointY":384},"width":1024,"sublayerTransform":[1,0,0,0,0,1,0,0,0,0,1,0,0,0,0,1],"contentsRect":{"y":0,"x":0,"width":1,"height":1},"opacity":1,"edgeAntialiasingMask":0,"height":768,"hidden":false,"anchorPoint":{"pointX":0.5,"pointY":0.5}},"texture":"DB8451458D98EFA7506DBEBC2B1323F0"}]}]},{"animations":[{"repeatCount":0,"animations":[{"from":{"scalar":1},"beginTime":0,"repeatCount":0,"fillMode":"both","property":"zPosition","duration":2,"timingFunction":"easeInEaseOut","to":{"scalar":1}}],"beginTime":0,"fillMode":"both","duration":2}],"initialState":{"affineTransform":[1,0,0,1,0,0],"masksToBounds":false,"rotation":0,"scale":1,"position":{"pointX":169.6250305175781,"pointY":384},"width":263.2500610351562,"sublayerTransform":[1,0,0,0,0,1,0,0,0,0,1,0,0,0,0,1],"contentsRect":{"y":0,"x":0,"width":1,"height":1},"opacity":1,"edgeAntialiasingMask":15,"height":262.6321105957031,"hidden":false,"anchorPoint":{"pointX":0.5,"pointY":0.5}},"layers":[{"animations":[{"repeatCount":0,"animations":[{"from":{"scalar":1},"beginTime":0,"repeatCount":0,"fillMode":"forwards","property":"opacity","duration":0.6666,"timingFunction":"easeInEaseOut","to":{"scalar":0}},{"from":{"scalar":true},"beginTime":0.6666,"repeatCount":0,"fillMode":"forwards","property":"hidden","duration":1.3334,"to":{"scalar":true}}],"beginTime":0,"fillMode":"both","duration":2}],"layers":[],"initialState":{"affineTransform":[1,0,0,1,0,0],"masksToBounds":false,"rotation":0,"scale":1,"position":{"pointX":131.6250305175781,"pointY":131.3160552978516},"width":266,"sublayerTransform":[1,0,0,0,0,1,0,0,0,0,1,0,0,0,0,1],"contentsRect":{"y":0,"x":0,"width":1,"height":1},"opacity":1,"edgeAntialiasingMask":0,"height":266,"hidden":false,"anchorPoint":{"pointX":0.4985903402916471,"pointY":0.5}},"texture":"71800BC6C8703AEBCECE18A7783C9269"}]},{"animations":[{"repeatCount":0,"animations":[{"from":{"scalar":2},"beginTime":0,"repeatCount":0,"fillMode":"both","property":"zPosition","duration":2,"timingFunction":"easeInEaseOut","to":{"scalar":2}}],"beginTime":0,"fillMode":"both","duration":2}],"initialState":{"affineTransform":[1,0,0,1,0,0],"masksToBounds":false,"rotation":0,"scale":1,"position":{"pointX":659.966166138649,"pointY":384},"width":690.0677082538605,"sublayerTransform":[1,0,0,0,0,1,0,0,0,0,1,0,0,0,0,1],"contentsRect":{"y":0,"x":0,"width":1,"height":1},"opacity":1,"edgeAntialiasingMask":15,"height":270.0185517072678,"hidden":false,"anchorPoint":{"pointX":0.5,"pointY":0.5}},"layers":[{"animations":[{"repeatCount":0,"animations":[{"from":{"scalar":1},"beginTime":0,"repeatCount":0,"fillMode":"forwards","property":"opacity","duration":0.6666,"timingFunction":"easeInEaseOut","to":{"scalar":0}},{"from":{"scalar":true},"beginTime":0.6666,"repeatCount":0,"fillMode":"forwards","property":"hidden","duration":1.3334,"to":{"scalar":true}}],"beginTime":0,"fillMode":"both","duration":2}],"layers":[],"initialState":{"affineTransform":[1,0,0,1,0,0],"masksToBounds":false,"rotation":0,"scale":1,"position":{"pointX":182.5676879882812,"pointY":37.50927585363388},"width":353,"sublayerTransform":[1,0,0,0,0,1,0,0,0,0,1,0,0,0,0,1],"contentsRect":{"y":0,"x":0,"width":1,"height":1},"opacity":1,"edgeAntialiasingMask":0,"height":53,"hidden":false,"anchorPoint":{"pointX":0.5,"pointY":0.5}},"texture":"B38B4651FE7297B522CE5A40401C1F06"}]},{"animations":[{"repeatCount":0,"animations":[{"from":{"scalar":3},"beginTime":0,"repeatCount":0,"fillMode":"both","property":"zPosition","duration":2,"timingFunction":"easeInEaseOut","to":{"scalar":3}}],"beginTime":0,"fillMode":"both","duration":2}],"initialState":{"affineTransform":[1,0,0,1,0,0],"masksToBounds":false,"rotation":0,"scale":1,"position":{"pointX":659.966166138649,"pointY":384},"width":690.0677082538605,"sublayerTransform":[1,0,0,0,0,1,0,0,0,0,1,0,0,0,0,1],"contentsRect":{"y":0,"x":0,"width":1,"height":1},"opacity":1,"edgeAntialiasingMask":15,"height":270.0185517072678,"hidden":false,"anchorPoint":{"pointX":0.5,"pointY":0.5}},"layers":[{"animations":[{"repeatCount":0,"animations":[{"from":{"scalar":1},"beginTime":0,"repeatCount":0,"fillMode":"forwards","property":"opacity","duration":0.6666,"timingFunction":"easeInEaseOut","to":{"scalar":0}},{"from":{"scalar":true},"beginTime":0.6666,"repeatCount":0,"fillMode":"forwards","property":"hidden","duration":1.3334,"to":{"scalar":true}}],"beginTime":0,"fillMode":"both","duration":2}],"layers":[],"initialState":{"affineTransform":[1,0,0,1,0,0],"masksToBounds":false,"rotation":0,"scale":1,"position":{"pointX":141.0676879882812,"pointY":115.0092758536339},"width":276,"sublayerTransform":[1,0,0,0,0,1,0,0,0,0,1,0,0,0,0,1],"contentsRect":{"y":0,"x":0,"width":1,"height":1},"opacity":1,"edgeAntialiasingMask":0,"height":32,"hidden":false,"anchorPoint":{"pointX":0.5,"pointY":0.5}},"texture":"909DDB3EB1D81413525F2FC68EC35B53"}]},{"animations":[{"repeatCount":0,"animations":[{"from":{"scalar":4},"beginTime":0,"repeatCount":0,"fillMode":"both","property":"zPosition","duration":2,"timingFunction":"easeInEaseOut","to":{"scalar":4}}],"beginTime":0,"fillMode":"both","duration":2}],"initialState":{"affineTransform":[1,0,0,1,0,0],"masksToBounds":false,"rotation":0,"scale":1,"position":{"pointX":659.966166138649,"pointY":384},"width":690.0677082538605,"sublayerTransform":[1,0,0,0,0,1,0,0,0,0,1,0,0,0,0,1],"contentsRect":{"y":0,"x":0,"width":1,"height":1},"opacity":1,"edgeAntialiasingMask":15,"height":270.0185517072678,"hidden":false,"anchorPoint":{"pointX":0.5,"pointY":0.5}},"layers":[{"animations":[{"repeatCount":0,"animations":[{"from":{"scalar":1},"beginTime":0,"repeatCount":0,"fillMode":"forwards","property":"opacity","duration":0.6666,"timingFunction":"easeInEaseOut","to":{"scalar":0}},{"from":{"scalar":true},"beginTime":0.6666,"repeatCount":0,"fillMode":"forwards","property":"hidden","duration":1.3334,"to":{"scalar":true}}],"beginTime":0,"fillMode":"both","duration":2}],"layers":[],"initialState":{"affineTransform":[1,0,0,1,0,0],"masksToBounds":false,"rotation":0,"scale":1,"position":{"pointX":130.5676879882812,"pointY":251.0092758536339},"width":255,"sublayerTransform":[1,0,0,0,0,1,0,0,0,0,1,0,0,0,0,1],"contentsRect":{"y":0,"x":0,"width":1,"height":1},"opacity":1,"edgeAntialiasingMask":0,"height":32,"hidden":false,"anchorPoint":{"pointX":0.5,"pointY":0.5}},"texture":"1E461CF02EAB291CD63C19E6FD8B3E25"}]},{"animations":[{"repeatCount":0,"animations":[{"from":{"scalar":5},"beginTime":0,"repeatCount":0,"fillMode":"both","property":"zPosition","duration":2,"timingFunction":"easeInEaseOut","to":{"scalar":5}}],"beginTime":0,"fillMode":"both","duration":2}],"initialState":{"affineTransform":[1,0,0,1,0,0],"masksToBounds":false,"rotation":0,"scale":1,"position":{"pointX":659.966166138649,"pointY":384},"width":690.0677082538605,"sublayerTransform":[1,0,0,0,0,1,0,0,0,0,1,0,0,0,0,1],"contentsRect":{"y":0,"x":0,"width":1,"height":1},"opacity":1,"edgeAntialiasingMask":15,"height":270.0185517072678,"hidden":false,"anchorPoint":{"pointX":0.5,"pointY":0.5}},"layers":[{"animations":[{"repeatCount":0,"animations":[{"from":{"scalar":1},"beginTime":0,"repeatCount":0,"fillMode":"forwards","property":"opacity","duration":0.6666,"timingFunction":"easeInEaseOut","to":{"scalar":0}},{"from":{"scalar":true},"beginTime":0.6666,"repeatCount":0,"fillMode":"forwards","property":"hidden","duration":1.3334,"to":{"scalar":true}}],"beginTime":0,"fillMode":"both","duration":2}],"layers":[],"initialState":{"affineTransform":[1,0,0,1,0,0],"masksToBounds":false,"rotation":0,"scale":1,"position":{"pointX":336.5676879882812,"pointY":180.5092758536339},"width":667,"sublayerTransform":[1,0,0,0,0,1,0,0,0,0,1,0,0,0,0,1],"contentsRect":{"y":0,"x":0,"width":1,"height":1},"opacity":1,"edgeAntialiasingMask":0,"height":27,"hidden":false,"anchorPoint":{"pointX":0.5,"pointY":0.5}},"texture":"0297C0E0315DC22DB832A86C57FBB91A"}]},{"animations":[{"repeatCount":0,"animations":[{"from":{"scalar":6},"beginTime":0,"repeatCount":0,"fillMode":"both","property":"zPosition","duration":2,"timingFunction":"easeInEaseOut","to":{"scalar":6}}],"beginTime":0,"fillMode":"both","duration":2}],"initialState":{"affineTransform":[1,0,0,1,0,0],"masksToBounds":false,"rotation":0,"scale":1,"position":{"pointX":919.8907729387283,"pointY":31.75832752883434},"width":221.2560331821442,"sublayerTransform":[1,0,0,0,0,1,0,0,0,0,1,0,0,0,0,1],"contentsRect":{"y":0,"x":0,"width":1,"height":1},"opacity":1,"edgeAntialiasingMask":15,"height":63.95784378051758,"hidden":false,"anchorPoint":{"pointX":0.5,"pointY":0.5}},"layers":[{"animations":[{"repeatCount":0,"animations":[{"from":{"texture":"BB3AFA1713119A3FCA47ECC17E606B69"},"beginTime":0,"repeatCount":0,"fillMode":"both","property":"contents","duration":2,"timingFunction":"easeInEaseOut","to":{"texture":"3B5303A1ADA7561EFECC8200CC7F852C"}},{"from":{"scalar":1},"beginTime":0,"repeatCount":0,"fillMode":"both","property":"transform.scale.x","duration":2,"timingFunction":"easeInEaseOut","to":{"scalar":0.6275510204081632}},{"from":{"scalar":1},"beginTime":0,"repeatCount":0,"fillMode":"both","property":"transform.scale.y","duration":2,"timingFunction":"easeInEaseOut","to":{"scalar":0.6578947368421053}},{"from":{"pointX":0,"pointY":0},"beginTime":0,"repeatCount":0,"fillMode":"both","property":"transform.translation","duration":2,"timingFunction":"easeInEaseOut","to":{"pointX":-850.5,"pointY":6.5}}],"beginTime":0,"fillMode":"both","duration":2}],"layers":[],"initialState":{"affineTransform":[1,0,0,1,0,0],"masksToBounds":false,"rotation":0,"scale":1,"position":{"pointX":111.7372436523438,"pointY":32.22059436142445},"width":196,"sublayerTransform":[1,0,0,0,0,1,0,0,0,0,1,0,0,0,0,1],"contentsRect":{"y":0,"x":0,"width":1,"height":1},"opacity":1,"edgeAntialiasingMask":0,"height":38,"hidden":false,"anchorPoint":{"pointX":0.5,"pointY":0.5}},"texture":"BB3AFA1713119A3FCA47ECC17E606B69"}]},{"animations":[{"repeatCount":0,"animations":[{"from":{"scalar":7},"beginTime":0,"repeatCount":0,"fillMode":"both","property":"zPosition","duration":2,"timingFunction":"easeInEaseOut","to":{"scalar":7}}],"beginTime":0,"fillMode":"both","duration":2}],"initialState":{"affineTransform":[1,0,0,1,0,0],"masksToBounds":false,"rotation":0,"scale":1,"position":{"pointX":919.8907729387283,"pointY":742.5876355618238},"width":221.2560331821442,"sublayerTransform":[1,0,0,0,0,1,0,0,0,0,1,0,0,0,0,1],"contentsRect":{"y":0,"x":0,"width":1,"height":1},"opacity":1,"edgeAntialiasingMask":15,"height":42.82273206114769,"hidden":false,"anchorPoint":{"pointX":0.5,"pointY":0.5}},"layers":[{"animations":[{"repeatCount":0,"animations":[{"from":{"texture":"2AE82B20225AFE7B9E4AFE624966A395"},"beginTime":0,"repeatCount":0,"fillMode":"both","property":"contents","duration":2,"timingFunction":"easeInEaseOut","to":{"texture":"2AE82B20225AFE7B9E4AFE624966A395"}}],"beginTime":0,"fillMode":"both","duration":2}],"layers":[],"initialState":{"affineTransform":[1,0,0,1,0,0],"masksToBounds":false,"rotation":0,"scale":1,"position":{"pointX":111.2372436523438,"pointY":21.82373046875},"width":191,"sublayerTransform":[1,0,0,0,0,1,0,0,0,0,1,0,0,0,0,1],"contentsRect":{"y":0,"x":0,"width":1,"height":1},"opacity":1,"edgeAntialiasingMask":0,"height":24,"hidden":false,"anchorPoint":{"pointX":0.5,"pointY":0.5}},"texture":"2AE82B20225AFE7B9E4AFE624966A395"}]},{"animations":[{"repeatCount":0,"animations":[{"from":{"scalar":8},"beginTime":0,"repeatCount":0,"fillMode":"both","property":"zPosition","duration":2,"timingFunction":"easeInEaseOut","to":{"scalar":8}}],"beginTime":0,"fillMode":"both","duration":2}],"initialState":{"affineTransform":[1,0,0,1,0,0],"masksToBounds":false,"rotation":0,"scale":1,"position":{"pointX":512.0000287749499,"pointY":58.37508392333984},"width":1024.847421141094,"sublayerTransform":[1,0,0,0,0,1,0,0,0,0,1,0,0,0,0,1],"contentsRect":{"y":0,"x":0,"width":1,"height":1},"opacity":1,"edgeAntialiasingMask":15,"height":2,"hidden":false,"anchorPoint":{"pointX":0.5,"pointY":0.5}},"layers":[{"animations":[{"repeatCount":0,"animations":[{"from":{"texture":"FE5A985DBAA7D8C8DAFAA13E29B4AD39"},"beginTime":0,"repeatCount":0,"fillMode":"both","property":"contents","duration":2,"timingFunction":"easeInEaseOut","to":{"texture":"FE5A985DBAA7D8C8DAFAA13E29B4AD39"}},{"from":{"scalar":-3.295228373362377e-16},"beginTime":0,"repeatCount":0,"fillMode":"both","property":"transform.rotation.z","duration":2,"to":{"scalar":-3.295228373362377e-16}},{"from":{"pointX":0,"pointY":0},"beginTime":0,"repeatCount":0,"fillMode":"both","property":"transform.translation","duration":2,"timingFunction":"easeInEaseOut","to":{"pointX":0,"pointY":-3.019527435302734}},{"from":{"pointX":0.500000023598337,"pointY":0.4750167846679688},"beginTime":0,"repeatCount":0,"fillMode":"both","property":"anchorPoint","duration":2,"timingFunction":"easeInEaseOut","to":{"pointX":0.500000023598337,"pointY":0.4711112976074219}}],"beginTime":0,"fillMode":"both","duration":2}],"layers":[],"initialState":{"affineTransform":[1,0,0,1,0,0],"masksToBounds":false,"rotation":0,"scale":1,"position":{"pointX":512.4237060546875,"pointY":0.9999999999999999},"width":1028,"sublayerTransform":[1,0,0,0,0,1,0,0,0,0,1,0,0,0,0,1],"contentsRect":{"y":0,"x":0,"width":1,"height":1},"opacity":1,"edgeAntialiasingMask":0,"height":5,"hidden":false,"anchorPoint":{"pointX":0.500000023598337,"pointY":0.4750167846679688}},"texture":"FE5A985DBAA7D8C8DAFAA13E29B4AD39"}]},{"animations":[{"repeatCount":0,"animations":[{"from":{"scalar":9},"beginTime":0,"repeatCount":0,"fillMode":"both","property":"zPosition","duration":2,"timingFunction":"easeInEaseOut","to":{"scalar":9}}],"beginTime":0,"fillMode":"both","duration":2}],"initialState":{"affineTransform":[1,0,0,1,0,0],"masksToBounds":false,"rotation":0,"scale":1,"position":{"pointX":512.0000052452087,"pointY":38.36668941378593},"width":542.4887800216675,"sublayerTransform":[1,0,0,0,0,1,0,0,0,0,1,0,0,0,0,1],"contentsRect":{"y":0,"x":0,"width":1,"height":1},"opacity":1,"edgeAntialiasingMask":15,"height":50.73720306158066,"hidden":false,"anchorPoint":{"pointX":0.5,"pointY":0.5}},"layers":[{"animations":[{"repeatCount":0,"animations":[{"from":{"scalar":0},"beginTime":1.3334,"repeatCount":0,"fillMode":"both","property":"opacity","duration":0.6666,"timingFunction":"easeInEaseOut","to":{"scalar":1}},{"from":{"scalar":false},"beginTime":1.3334,"repeatCount":0,"fillMode":"forwards","property":"hidden","duration":0.6665999999999999,"to":{"scalar":false}}],"beginTime":0,"fillMode":"both","duration":2}],"layers":[],"initialState":{"affineTransform":[1,0,0,1,0,0],"masksToBounds":false,"rotation":0,"scale":1,"position":{"pointX":270.244384765625,"pointY":25.50191211700439},"width":130,"sublayerTransform":[1,0,0,0,0,1,0,0,0,0,1,0,0,0,0,1],"contentsRect":{"y":0,"x":0,"width":1,"height":1},"opacity":1,"edgeAntialiasingMask":0,"height":31,"hidden":true,"anchorPoint":{"pointX":0.5,"pointY":0.5}},"texture":"6435BEFE4B657B418BFF8FC3BD45C00E"}]},{"animations":[{"repeatCount":0,"animations":[{"from":{"scalar":10},"beginTime":0,"repeatCount":0,"fillMode":"both","property":"zPosition","duration":2,"timingFunction":"easeInEaseOut","to":{"scalar":10}}],"beginTime":0,"fillMode":"both","duration":2}],"initialState":{"affineTransform":[1,0,0,1,0,0],"masksToBounds":false,"rotation":0,"scale":1,"position":{"pointX":68.93915748596191,"pointY":711.8174667358398},"width":120.0586013793945,"sublayerTransform":[1,0,0,0,0,1,0,0,0,0,1,0,0,0,0,1],"contentsRect":{"y":0,"x":0,"width":1,"height":1},"opacity":1,"edgeAntialiasingMask":15,"height":94.22953796386719,"hidden":false,"anchorPoint":{"pointX":0.5,"pointY":0.5}},"layers":[{"animations":[{"repeatCount":0,"animations":[{"from":{"texture":"C352E1707DFDF047A5BBF8E7BA8DD551"},"beginTime":0,"repeatCount":0,"fillMode":"both","property":"contents","duration":2,"timingFunction":"easeInEaseOut","to":{"texture":"C352E1707DFDF047A5BBF8E7BA8DD551"}}],"beginTime":0,"fillMode":"both","duration":2}],"layers":[],"initialState":{"affineTransform":[1,0,0,1,0,0],"masksToBounds":false,"rotation":0,"scale":1,"position":{"pointX":60.02930164337158,"pointY":47.11476898193359},"width":121,"sublayerTransform":[1,0,0,0,0,1,0,0,0,0,1,0,0,0,0,1],"contentsRect":{"y":0,"x":0,"width":1,"height":1},"opacity":1,"edgeAntialiasingMask":0,"height":95,"hidden":false,"anchorPoint":{"pointX":0.503629408592035,"pointY":0.5033417551141036}},"texture":"C352E1707DFDF047A5BBF8E7BA8DD551"}]},{"animations":[{"repeatCount":0,"animations":[{"from":{"scalar":11},"beginTime":0,"repeatCount":0,"fillMode":"both","property":"zPosition","duration":2,"timingFunction":"easeInEaseOut","to":{"scalar":11}}],"beginTime":0,"fillMode":"both","duration":2}],"initialState":{"affineTransform":[1,0,0,1,0,0],"masksToBounds":false,"rotation":0,"scale":1,"position":{"pointX":739,"pointY":384},"width":678.9701538085938,"sublayerTransform":[1,0,0,0,0,1,0,0,0,0,1,0,0,0,0,1],"contentsRect":{"y":0,"x":0,"width":1,"height":1},"opacity":1,"edgeAntialiasingMask":15,"height":547.5565795898438,"hidden":false,"anchorPoint":{"pointX":0.5,"pointY":0.5}},"layers":[{"animations":[{"repeatCount":0,"animations":[{"from":{"scalar":0},"beginTime":1.3334,"repeatCount":0,"fillMode":"both","property":"opacity","duration":0.6666,"timingFunction":"easeInEaseOut","to":{"scalar":1}},{"from":{"scalar":false},"beginTime":1.3334,"repeatCount":0,"fillMode":"forwards","property":"hidden","duration":0.6665999999999999,"to":{"scalar":false}}],"beginTime":0,"fillMode":"both","duration":2}],"layers":[],"initialState":{"affineTransform":[1,0,0,1,0,0],"masksToBounds":false,"rotation":0,"scale":1,"position":{"pointX":339.4850769042969,"pointY":273.7782897949219},"width":682,"sublayerTransform":[1,0,0,0,0,1,0,0,0,0,1,0,0,0,0,1],"contentsRect":{"y":0,"x":0,"width":1,"height":1},"opacity":1,"edgeAntialiasingMask":0,"height":550,"hidden":true,"anchorPoint":{"pointX":0.5,"pointY":0.5}},"texture":"892BEDA7ECD2F5F4AAF4F486CA0D66C4"}]}]},"effects":[],"duration":2,"type":"transition","name":"apple:magic-move-implied-motion-path","objectID":"0"}],"automaticPlay":false,"hyperlinks":[],"accessibility":[{"text":"iOS7-logo.png","targetRectangle":{"y":664.7026977539062,"x":36.82355499267578,"width":92.14490509033203,"height":88.53137969970703}},{"text":"micro locations","targetRectangle":{"y":725.17626953125,"x":825.2227699584961,"width":189.336,"height":34}},{"text":"XcodeLogo.png","targetRectangle":{"y":703.7194671630859,"x":8.909856796264648,"width":56.39759063720703,"height":55.2127685546875}},{"text":"Ezequiel Aceto","targetRectangle":{"y":252.9907241463661,"x":318.9323120117188,"width":355.9814453125,"height":59}},{"text":"CTO de Everypost","targetRectangle":{"y":345.9907241463661,"x":346.5638910531998,"width":246.2109375,"height":33.0185546875}},{"text":"Desarrollador mobile desde…bueno… Palm OS","targetRectangle":{"y":413.9907241463661,"x":346.5638910531998,"width":638.642578125,"height":33.0185546875}},{"text":"Twitter: @eaceto","targetRectangle":{"y":481.9907241463661,"x":346.5638910531998,"width":225.5419921875,"height":33.0185546875}},{"text":"iBeacons","targetRectangle":{"y":3.779405638575554,"x":821.2939199584961,"width":197.1937,"height":56}},{"text":"577946_488347954541069_2089424377_n.jpg","targetRectangle":{"y":252.6839447021484,"x":38,"width":263.2500610351562,"height":262.6321105957031}}],"baseLayer":{"animations":[],"initialState":{"affineTransform":[1,0,0,1,0,0],"masksToBounds":true,"rotation":0,"scale":1,"position":{"pointX":512,"pointY":384},"width":1024,"sublayerTransform":[1,0,0,0,0,1,0,0,0,0,1,0,0,0,0,1],"contentsRect":{"y":0,"x":0,"width":1,"height":1},"opacity":1,"edgeAntialiasingMask":0,"height":768,"hidden":false,"anchorPoint":{"pointX":0.5,"pointY":0.5}},"objectID":"0","layers":[{"animations":[],"initialState":{"affineTransform":[1,0,0,1,0,0],"masksToBounds":false,"rotation":0,"scale":1,"position":{"pointX":512,"pointY":384},"width":1024,"sublayerTransform":[1,0,0,0,0,1,0,0,0,0,1,0,0,0,0,1],"contentsRect":{"y":0,"x":0,"width":1,"height":1},"opacity":1,"edgeAntialiasingMask":15,"height":768,"hidden":false,"anchorPoint":{"pointX":0.5,"pointY":0.5}},"layers":[{"animations":[],"initialState":{"affineTransform":[1,0,0,1,0,0],"masksToBounds":false,"rotation":0,"scale":1,"position":{"pointX":512,"pointY":384},"width":1024,"sublayerTransform":[1,0,0,0,0,1,0,0,0,0,1,0,0,0,0,1],"contentsRect":{"y":0,"x":0,"width":1,"height":1},"opacity":1,"edgeAntialiasingMask":15,"height":768,"hidden":false,"anchorPoint":{"pointX":0.5,"pointY":0.5}},"layers":[{"animations":[],"layers":[],"initialState":{"affineTransform":[1,0,0,1,0,0],"masksToBounds":false,"rotation":0,"scale":1,"position":{"pointX":512,"pointY":384},"width":1024,"sublayerTransform":[1,0,0,0,0,1,0,0,0,0,1,0,0,0,0,1],"contentsRect":{"y":0,"x":0,"width":1,"height":1},"opacity":1,"edgeAntialiasingMask":0,"height":768,"hidden":false,"anchorPoint":{"pointX":0.5,"pointY":0.5}},"texture":"DB8451458D98EFA7506DBEBC2B1323F0"}]}]},{"animations":[],"initialState":{"affineTransform":[1,0,0,1,0,0],"masksToBounds":false,"rotation":0,"scale":1,"position":{"pointX":169.6250305175781,"pointY":384},"width":263.2500610351562,"sublayerTransform":[1,0,0,0,0,1,0,0,0,0,1,0,0,0,0,1],"contentsRect":{"y":0,"x":0,"width":1,"height":1},"opacity":1,"edgeAntialiasingMask":15,"height":262.6321105957031,"hidden":false,"anchorPoint":{"pointX":0.5,"pointY":0.5}},"layers":[{"animations":[],"layers":[],"initialState":{"affineTransform":[1,0,0,1,0,0],"masksToBounds":false,"rotation":0,"scale":1,"position":{"pointX":131.6250305175781,"pointY":131.3160552978516},"width":266,"sublayerTransform":[1,0,0,0,0,1,0,0,0,0,1,0,0,0,0,1],"contentsRect":{"y":0,"x":0,"width":1,"height":1},"opacity":1,"edgeAntialiasingMask":0,"height":266,"hidden":false,"anchorPoint":{"pointX":0.4985903402916471,"pointY":0.5}},"texture":"71800BC6C8703AEBCECE18A7783C9269"}]},{"animations":[],"initialState":{"affineTransform":[1,0,0,1,0,0],"masksToBounds":false,"rotation":0,"scale":1,"position":{"pointX":659.966166138649,"pointY":384},"width":690.0677082538605,"sublayerTransform":[1,0,0,0,0,1,0,0,0,0,1,0,0,0,0,1],"contentsRect":{"y":0,"x":0,"width":1,"height":1},"opacity":1,"edgeAntialiasingMask":15,"height":270.0185517072678,"hidden":false,"anchorPoint":{"pointX":0.5,"pointY":0.5}},"layers":[{"animations":[],"layers":[],"initialState":{"affineTransform":[1,0,0,1,0,0],"masksToBounds":false,"rotation":0,"scale":1,"position":{"pointX":182.5676879882812,"pointY":37.50927585363388},"width":353,"sublayerTransform":[1,0,0,0,0,1,0,0,0,0,1,0,0,0,0,1],"contentsRect":{"y":0,"x":0,"width":1,"height":1},"opacity":1,"edgeAntialiasingMask":0,"height":53,"hidden":false,"anchorPoint":{"pointX":0.5,"pointY":0.5}},"texture":"B38B4651FE7297B522CE5A40401C1F06"}]},{"animations":[],"initialState":{"affineTransform":[1,0,0,1,0,0],"masksToBounds":false,"rotation":0,"scale":1,"position":{"pointX":659.966166138649,"pointY":384},"width":690.0677082538605,"sublayerTransform":[1,0,0,0,0,1,0,0,0,0,1,0,0,0,0,1],"contentsRect":{"y":0,"x":0,"width":1,"height":1},"opacity":1,"edgeAntialiasingMask":15,"height":270.0185517072678,"hidden":false,"anchorPoint":{"pointX":0.5,"pointY":0.5}},"layers":[{"animations":[],"layers":[],"initialState":{"affineTransform":[1,0,0,1,0,0],"masksToBounds":false,"rotation":0,"scale":1,"position":{"pointX":141.0676879882812,"pointY":115.0092758536339},"width":276,"sublayerTransform":[1,0,0,0,0,1,0,0,0,0,1,0,0,0,0,1],"contentsRect":{"y":0,"x":0,"width":1,"height":1},"opacity":1,"edgeAntialiasingMask":0,"height":32,"hidden":false,"anchorPoint":{"pointX":0.5,"pointY":0.5}},"texture":"909DDB3EB1D81413525F2FC68EC35B53"}]},{"animations":[],"initialState":{"affineTransform":[1,0,0,1,0,0],"masksToBounds":false,"rotation":0,"scale":1,"position":{"pointX":659.966166138649,"pointY":384},"width":690.0677082538605,"sublayerTransform":[1,0,0,0,0,1,0,0,0,0,1,0,0,0,0,1],"contentsRect":{"y":0,"x":0,"width":1,"height":1},"opacity":1,"edgeAntialiasingMask":15,"height":270.0185517072678,"hidden":false,"anchorPoint":{"pointX":0.5,"pointY":0.5}},"layers":[{"animations":[],"layers":[],"initialState":{"affineTransform":[1,0,0,1,0,0],"masksToBounds":false,"rotation":0,"scale":1,"position":{"pointX":130.5676879882812,"pointY":251.0092758536339},"width":255,"sublayerTransform":[1,0,0,0,0,1,0,0,0,0,1,0,0,0,0,1],"contentsRect":{"y":0,"x":0,"width":1,"height":1},"opacity":1,"edgeAntialiasingMask":0,"height":32,"hidden":false,"anchorPoint":{"pointX":0.5,"pointY":0.5}},"texture":"1E461CF02EAB291CD63C19E6FD8B3E25"}]},{"animations":[],"initialState":{"affineTransform":[1,0,0,1,0,0],"masksToBounds":false,"rotation":0,"scale":1,"position":{"pointX":659.966166138649,"pointY":384},"width":690.0677082538605,"sublayerTransform":[1,0,0,0,0,1,0,0,0,0,1,0,0,0,0,1],"contentsRect":{"y":0,"x":0,"width":1,"height":1},"opacity":1,"edgeAntialiasingMask":15,"height":270.0185517072678,"hidden":false,"anchorPoint":{"pointX":0.5,"pointY":0.5}},"layers":[{"animations":[],"layers":[],"initialState":{"affineTransform":[1,0,0,1,0,0],"masksToBounds":false,"rotation":0,"scale":1,"position":{"pointX":336.5676879882812,"pointY":180.5092758536339},"width":667,"sublayerTransform":[1,0,0,0,0,1,0,0,0,0,1,0,0,0,0,1],"contentsRect":{"y":0,"x":0,"width":1,"height":1},"opacity":1,"edgeAntialiasingMask":0,"height":27,"hidden":false,"anchorPoint":{"pointX":0.5,"pointY":0.5}},"texture":"0297C0E0315DC22DB832A86C57FBB91A"}]},{"animations":[],"initialState":{"affineTransform":[1,0,0,1,0,0],"masksToBounds":false,"rotation":0,"scale":1,"position":{"pointX":919.8907729387283,"pointY":31.75832752883434},"width":221.2560331821442,"sublayerTransform":[1,0,0,0,0,1,0,0,0,0,1,0,0,0,0,1],"contentsRect":{"y":0,"x":0,"width":1,"height":1},"opacity":1,"edgeAntialiasingMask":15,"height":63.95784378051758,"hidden":false,"anchorPoint":{"pointX":0.5,"pointY":0.5}},"layers":[{"animations":[],"layers":[],"initialState":{"affineTransform":[1,0,0,1,0,0],"masksToBounds":false,"rotation":0,"scale":1,"position":{"pointX":111.7372436523438,"pointY":32.22059436142445},"width":196,"sublayerTransform":[1,0,0,0,0,1,0,0,0,0,1,0,0,0,0,1],"contentsRect":{"y":0,"x":0,"width":1,"height":1},"opacity":1,"edgeAntialiasingMask":0,"height":38,"hidden":false,"anchorPoint":{"pointX":0.5,"pointY":0.5}},"texture":"BB3AFA1713119A3FCA47ECC17E606B69"}]},{"animations":[],"initialState":{"affineTransform":[1,0,0,1,0,0],"masksToBounds":false,"rotation":0,"scale":1,"position":{"pointX":919.8907729387283,"pointY":742.5876355618238},"width":221.2560331821442,"sublayerTransform":[1,0,0,0,0,1,0,0,0,0,1,0,0,0,0,1],"contentsRect":{"y":0,"x":0,"width":1,"height":1},"opacity":1,"edgeAntialiasingMask":15,"height":42.82273206114769,"hidden":false,"anchorPoint":{"pointX":0.5,"pointY":0.5}},"layers":[{"animations":[],"layers":[],"initialState":{"affineTransform":[1,0,0,1,0,0],"masksToBounds":false,"rotation":0,"scale":1,"position":{"pointX":111.2372436523438,"pointY":21.82373046875},"width":191,"sublayerTransform":[1,0,0,0,0,1,0,0,0,0,1,0,0,0,0,1],"contentsRect":{"y":0,"x":0,"width":1,"height":1},"opacity":1,"edgeAntialiasingMask":0,"height":24,"hidden":false,"anchorPoint":{"pointX":0.5,"pointY":0.5}},"texture":"2AE82B20225AFE7B9E4AFE624966A395"}]},{"animations":[],"initialState":{"affineTransform":[1,0,0,1,0,0],"masksToBounds":false,"rotation":0,"scale":1,"position":{"pointX":512.0000287749499,"pointY":58.37508392333984},"width":1024.847421141094,"sublayerTransform":[1,0,0,0,0,1,0,0,0,0,1,0,0,0,0,1],"contentsRect":{"y":0,"x":0,"width":1,"height":1},"opacity":1,"edgeAntialiasingMask":15,"height":2,"hidden":false,"anchorPoint":{"pointX":0.5,"pointY":0.5}},"layers":[{"animations":[],"layers":[],"initialState":{"affineTransform":[1,0,0,1,0,0],"masksToBounds":false,"rotation":0,"scale":1,"position":{"pointX":512.4237060546875,"pointY":0.9999999999999999},"width":1028,"sublayerTransform":[1,0,0,0,0,1,0,0,0,0,1,0,0,0,0,1],"contentsRect":{"y":0,"x":0,"width":1,"height":1},"opacity":1,"edgeAntialiasingMask":0,"height":5,"hidden":false,"anchorPoint":{"pointX":0.500000023598337,"pointY":0.4750167846679688}},"texture":"FE5A985DBAA7D8C8DAFAA13E29B4AD39"}]},{"animations":[],"initialState":{"affineTransform":[1,0,0,1,0,0],"masksToBounds":false,"rotation":0,"scale":1,"position":{"pointX":512.0000052452087,"pointY":38.36668941378593},"width":542.4887800216675,"sublayerTransform":[1,0,0,0,0,1,0,0,0,0,1,0,0,0,0,1],"contentsRect":{"y":0,"x":0,"width":1,"height":1},"opacity":1,"edgeAntialiasingMask":15,"height":50.73720306158066,"hidden":false,"anchorPoint":{"pointX":0.5,"pointY":0.5}},"layers":[{"animations":[],"layers":[],"initialState":{"affineTransform":[1,0,0,1,0,0],"masksToBounds":false,"rotation":0,"scale":1,"position":{"pointX":270.244384765625,"pointY":25.50191211700439},"width":130,"sublayerTransform":[1,0,0,0,0,1,0,0,0,0,1,0,0,0,0,1],"contentsRect":{"y":0,"x":0,"width":1,"height":1},"opacity":1,"edgeAntialiasingMask":0,"height":31,"hidden":true,"anchorPoint":{"pointX":0.5,"pointY":0.5}},"texture":"6435BEFE4B657B418BFF8FC3BD45C00E"}]},{"animations":[],"initialState":{"affineTransform":[1,0,0,1,0,0],"masksToBounds":false,"rotation":0,"scale":1,"position":{"pointX":68.93915748596191,"pointY":711.8174667358398},"width":120.0586013793945,"sublayerTransform":[1,0,0,0,0,1,0,0,0,0,1,0,0,0,0,1],"contentsRect":{"y":0,"x":0,"width":1,"height":1},"opacity":1,"edgeAntialiasingMask":15,"height":94.22953796386719,"hidden":false,"anchorPoint":{"pointX":0.5,"pointY":0.5}},"layers":[{"animations":[],"layers":[],"initialState":{"affineTransform":[1,0,0,1,0,0],"masksToBounds":false,"rotation":0,"scale":1,"position":{"pointX":60.02930164337158,"pointY":47.11476898193359},"width":121,"sublayerTransform":[1,0,0,0,0,1,0,0,0,0,1,0,0,0,0,1],"contentsRect":{"y":0,"x":0,"width":1,"height":1},"opacity":1,"edgeAntialiasingMask":0,"height":95,"hidden":false,"anchorPoint":{"pointX":0.503629408592035,"pointY":0.5033417551141036}},"texture":"C352E1707DFDF047A5BBF8E7BA8DD551"}]},{"animations":[],"initialState":{"affineTransform":[1,0,0,1,0,0],"masksToBounds":false,"rotation":0,"scale":1,"position":{"pointX":739,"pointY":384},"width":678.9701538085938,"sublayerTransform":[1,0,0,0,0,1,0,0,0,0,1,0,0,0,0,1],"contentsRect":{"y":0,"x":0,"width":1,"height":1},"opacity":1,"edgeAntialiasingMask":15,"height":547.5565795898438,"hidden":false,"anchorPoint":{"pointX":0.5,"pointY":0.5}},"layers":[{"animations":[],"layers":[],"initialState":{"affineTransform":[1,0,0,1,0,0],"masksToBounds":false,"rotation":0,"scale":1,"position":{"pointX":339.4850769042969,"pointY":273.7782897949219},"width":682,"sublayerTransform":[1,0,0,0,0,1,0,0,0,0,1,0,0,0,0,1],"contentsRect":{"y":0,"x":0,"width":1,"height":1},"opacity":1,"edgeAntialiasingMask":0,"height":550,"hidden":true,"anchorPoint":{"pointX":0.5,"pointY":0.5}},"texture":"892BEDA7ECD2F5F4AAF4F486CA0D66C4"}]}]}}]}